job_id,tol,Tcrit,Vf,mu,kk1,kk2,kappa,k1,converged
1,18.688,1.048,695735.362,0.214,1.86,1.019,0.318,4.468,True
2,25.772,1.105,580848.556,0.148,2.282,0.573,0.036,5.943,True
3,20.185,1.047,535445.172,0.132,1.547,0.5,0.222,7.743,True
4,19.863,1.103,236359.061,0.111,1.517,1.142,0.258,4.552,True
5,17.694,1.108,266870.122,0.092,2.001,0.457,0.025,3.246,True
6,17.171,1.197,395476.98,0.12,2.262,0.923,0.312,8.008,True
7,16.533,1.166,161816.701,0.069,2.319,0.942,0.101,3.195,True
8,28.587,1.193,673568.091,0.111,2.2,0.96,0.173,8.868,True
9,29.567,1.174,687103.199,0.164,1.587,0.454,0.01,8.016,True
10,16.705,1.149,580230.434,0.23,2.232,0.859,0.142,9.505,True
11,29.255,1.18,622626.8,0.14,2.062,0.98,0.185,6.686,True
12,21.578,1.038,371056.782,0.153,1.435,0.637,0.018,1.717,True
13,18.534,1.098,376241.495,0.172,2.374,0.282,0.092,3.312,True
14,15.651,1.118,699246.339,0.067,2.119,0.28,0.167,9.448,True
15,26.446,1.125,129713.732,0.154,1.964,0.902,0.006,7.558,False
16,23.486,1.158,666835.36,0.249,2.135,0.295,0.166,8.289,True
17,26.133,1.065,657786.988,0.164,1.206,0.584,0.314,1.137,True
18,27.286,1.013,305101.353,0.247,1.807,1.036,0.228,8.758,True
19,16.566,1.087,217286.228,0.194,2.117,0.648,0.002,9.411,True
20,21.986,1.024,103090.787,0.219,2.158,1.005,0.216,2.086,True
21,15.023,1.152,630638.912,0.199,1.707,0.89,0.131,5.998,True
22,20.693,1.159,236920.156,0.101,1.292,0.445,0.222,2.914,True
23,24.499,1.199,420933.652,0.158,1.322,0.444,0.239,7.252,True
24,22.786,1.119,197530.276,0.225,0.966,0.645,0.268,8.7,True
25,19.135,1.149,161240.205,0.127,1.407,0.372,0.025,6.307,True
26,18.35,1.15,330819.483,0.075,1.67,0.287,0.087,6.418,True
27,29.611,1.099,669822.655,0.17,1.431,0.665,0.111,5.781,True
28,15.772,1.085,391852.008,0.143,1.916,1.03,0.28,1.227,True
29,24.799,1.168,522126.255,0.099,1.672,0.615,0.023,1.171,True
30,20.087,1.043,505610.304,0.153,1.708,0.378,0.219,1.891,True
31,23.856,1.093,525769.723,0.182,2.227,1.154,0.268,1.65,True
32,18.221,1.038,548953.4,0.197,1.05,0.344,0.189,9.881,True
33,21.482,1.169,586232.785,0.091,2.207,1.127,0.099,3.467,True
34,20.849,1.191,277393.047,0.071,1.754,0.748,0.213,3.04,True
35,18.167,1.011,566195.643,0.08,1.251,1.153,0.009,6.369,False
36,20.062,1.121,615695.62,0.18,1.172,0.403,0.278,7.67,True
37,26.123,1.131,402703.207,0.168,2.342,0.663,0.085,2.649,True
38,18.995,1.059,210400.81,0.188,1.261,0.332,0.205,6.528,True
39,22.544,1.006,643737.703,0.126,2.113,0.609,0.1,9.307,True
40,26.725,1.19,489500.787,0.225,1.729,0.408,0.327,5.831,False
41,25.231,1.067,130372.05,0.174,1.486,0.828,0.232,2.823,True
42,22.297,1.143,510016.487,0.1,1.711,0.707,0.069,4.881,True
43,26.618,1.151,145646.26,0.144,1.939,0.27,0.282,8.739,True
44,17.848,1.061,625155.044,0.063,2.351,0.493,0.265,4.783,True
45,19.172,1.11,193665.467,0.069,1.073,1.012,0.313,7.919,True
46,19.358,1.004,226993.448,0.107,1.467,1.061,0.225,6.389,True
47,23.568,1.004,375023.364,0.238,1.895,0.348,0.214,7.429,True
48,25.22,1.113,654656.852,0.168,1.037,0.666,0.16,1.961,True
49,23.796,1.116,694823.897,0.198,1.935,0.411,0.179,9.239,True
50,24.655,1.041,595566.164,0.195,1.204,0.871,0.117,2.15,True
51,20.605,1.06,135393.907,0.201,1.202,1.112,0.062,2.792,True
52,25.079,1.005,360820.997,0.129,1.217,0.624,0.251,9.099,True
53,25.317,1.051,610646.694,0.204,1.98,1.179,0.178,6.455,True
54,17.853,1.169,152275.171,0.19,1.978,0.271,0.202,6.76,True
55,20.142,1.102,616357.909,0.193,1.316,0.579,0.074,9.68,True
56,26.632,1.011,344889.18,0.163,2.17,1.0,0.083,5.471,False
57,23.671,1.185,126010.233,0.212,1.075,0.605,0.109,5.128,True
58,19.716,1.177,591685.62,0.229,2.302,0.59,0.084,4.708,True
59,21.968,1.129,369655.223,0.21,1.419,0.77,0.279,9.963,True
60,26.892,1.073,493371.45,0.195,2.183,0.863,0.192,5.239,True
61,29.599,1.128,171513.006,0.209,2.211,0.475,0.204,3.66,True
62,23.458,1.092,579340.636,0.217,2.157,0.466,0.246,2.772,False
63,21.628,1.104,321287.758,0.053,1.743,0.975,0.316,1.997,True
64,24.605,1.185,368153.316,0.236,1.632,0.44,0.003,7.521,True
65,23.276,1.078,445577.199,0.231,1.315,0.85,0.047,2.526,True
66,18.544,1.022,301176.427,0.079,1.497,0.668,0.102,6.929,True
67,20.799,1.058,222616.001,0.235,1.973,0.619,0.258,1.579,True
68,19.512,1.004,574018.41,0.184,1.815,0.48,0.119,3.51,True
69,19.975,1.181,340302.464,0.079,2.314,0.425,0.141,4.828,True
70,16.685,1.095,276000.554,0.197,1.442,0.668,0.13,2.098,True
71,27.025,1.026,433171.584,0.149,1.867,1.051,0.221,8.588,True
72,21.509,1.109,308282.343,0.238,1.963,0.793,0.152,3.667,True
73,17.702,1.169,611478.97,0.148,2.012,0.507,0.014,6.467,True
74,27.923,1.083,179485.509,0.105,1.693,0.301,0.137,4.509,True
75,25.455,1.007,116082.127,0.227,1.408,0.826,0.321,3.238,False
76,27.806,1.16,428068.766,0.132,1.794,0.353,0.011,4.211,True
77,29.085,1.047,696817.164,0.16,1.278,1.199,0.291,6.836,True
78,15.76,1.13,579854.09,0.231,1.422,0.293,0.212,8.334,True
79,18.886,1.042,229196.143,0.19,1.424,0.891,0.18,8.655,True
80,28.052,1.095,542959.634,0.188,2.367,0.775,0.111,9.299,True
81,21.954,1.086,470532.225,0.229,1.82,1.189,0.077,8.884,True
82,21.231,1.122,256297.97,0.209,1.882,0.954,0.126,3.894,True
83,23.536,1.126,587315.182,0.086,1.933,0.658,0.048,2.834,True
84,16.55,1.088,638211.246,0.157,2.009,0.528,0.17,9.415,True
85,26.099,1.019,570328.402,0.055,1.93,0.874,0.049,1.856,True
86,19.265,1.014,423135.028,0.168,1.259,1.195,0.025,2.714,True
87,25.943,1.093,204650.59,0.164,1.762,0.461,0.027,4.888,True
88,19.429,1.027,383886.911,0.227,1.732,0.903,0.266,4.404,False
89,16.204,1.032,618760.226,0.057,2.166,0.68,0.062,6.876,False
90,29.003,1.06,102848.175,0.108,1.329,0.614,0.003,9.274,False
91,26.954,1.015,100743.636,0.136,1.195,0.536,0.241,9.73,True
92,28.686,1.041,609241.206,0.214,1.881,0.701,0.317,9.661,True
93,20.321,1.075,248524.119,0.223,1.294,0.71,0.325,6.608,False
94,28.414,1.002,219914.902,0.22,1.516,1.039,0.162,6.357,True
95,17.666,1.07,183306.117,0.198,1.832,0.836,0.023,5.026,True
96,17.349,1.041,194370.789,0.179,1.834,0.885,0.242,3.522,True
97,28.199,1.019,669030.283,0.112,2.372,0.326,0.148,1.562,True
98,21.216,1.001,521230.778,0.221,1.552,0.865,0.034,1.479,True
99,22.358,1.123,236163.218,0.135,0.997,0.262,0.25,4.341,True
100,26.838,1.007,649514.07,0.242,1.888,0.439,0.119,1.967,True
101,28.111,1.121,368421.178,0.16,2.016,1.04,0.105,7.4,True
102,20.564,1.095,631114.538,0.225,1.086,0.396,0.031,4.062,True
103,18.408,1.08,667476.45,0.167,2.397,0.572,0.052,8.213,True
104,22.246,1.166,263968.912,0.091,1.416,0.592,0.016,1.47,True
105,16.063,1.045,682044.088,0.199,1.186,0.49,0.162,8.425,True
106,17.321,1.176,431997.279,0.095,2.137,0.315,0.189,6.634,True
107,19.737,1.116,532774.957,0.209,1.904,0.694,0.056,7.057,True
108,27.327,1.179,356258.647,0.085,1.391,0.779,0.035,3.002,True
109,26.645,1.164,680024.616,0.213,1.437,0.482,0.314,7.399,True
110,23.371,1.105,473000.342,0.233,0.995,0.901,0.283,5.918,True
111,27.855,1.07,174409.267,0.249,1.328,0.633,0.012,8.118,True
112,18.192,1.076,346194.68,0.05,2.37,0.838,0.107,9.893,False
113,26.981,1.006,528697.206,0.165,1.801,0.485,0.028,1.315,True
114,26.34,1.003,668276.487,0.245,1.575,0.791,0.244,5.69,True
115,25.611,1.186,108664.175,0.244,1.044,0.876,0.111,4.918,True
116,25.48,1.157,462314.586,0.205,1.525,0.577,0.292,1.93,True
117,19.66,1.04,426187.913,0.197,1.843,0.792,0.135,9.365,True
118,15.01,1.014,510656.304,0.24,2.16,0.942,0.088,1.112,True
119,19.626,1.026,125057.716,0.159,2.098,0.494,0.146,2.254,True
120,24.419,1.046,474050.331,0.139,1.362,0.312,0.18,6.287,True
121,19.103,1.1,659023.446,0.168,1.913,0.265,0.115,3.352,True
122,16.589,1.05,235062.829,0.08,2.329,0.521,0.117,2.554,True
123,22.829,1.151,273998.331,0.122,1.645,0.419,0.286,7.756,True
124,25.575,1.158,327285.257,0.1,1.986,0.412,0.278,6.894,True
125,25.177,1.103,541543.089,0.182,1.644,1.138,0.233,1.31,True
126,19.141,1.033,429935.671,0.169,1.746,0.305,0.161,5.079,True
127,18.982,1.005,125636.34,0.157,1.276,0.916,0.192,1.403,True
128,22.327,1.172,440961.891,0.218,1.339,0.847,0.051,5.813,True
129,19.416,1.026,658365.252,0.134,1.541,0.404,0.202,1.62,True
130,19.313,1.037,219189.238,0.089,1.43,0.988,0.176,3.808,True
131,20.754,1.073,380935.612,0.106,1.153,0.267,0.223,6.772,True
132,21.118,1.003,537701.864,0.21,1.179,0.813,0.214,2.445,True
133,16.512,1.172,335648.102,0.243,1.915,0.249,0.227,4.224,True
134,29.786,1.091,478144.306,0.25,1.308,0.566,0.245,8.389,True
135,24.422,1.031,318652.245,0.239,1.033,0.679,0.29,7.768,True
136,25.212,1.057,300464.057,0.169,2.197,0.258,0.028,3.73,True
137,28.597,1.117,512478.708,0.212,1.353,1.114,0.281,1.609,True
138,17.469,1.025,361703.846,0.205,2.135,0.837,0.326,8.447,True
139,23.74,1.035,350788.959,0.125,1.938,1.014,0.175,9.845,True
140,16.38,1.056,492817.458,0.09,2.318,0.611,0.17,7.096,True
141,15.301,1.088,135688.511,0.169,2.18,0.641,0.092,8.718,True
142,15.068,1.004,500042.665,0.091,1.378,0.31,0.058,3.678,True
143,18.282,1.119,366444.211,0.057,2.004,0.818,0.165,4.54,True
144,16.483,1.068,389407.061,0.17,0.999,0.719,0.144,2.359,True
145,26.816,1.137,109398.726,0.122,2.39,0.564,0.136,9.184,True
146,21.102,1.132,366319.792,0.211,2.368,1.122,0.063,9.281,True
147,24.935,1.126,518633.074,0.11,2.172,0.766,0.091,2.383,True
148,26.676,1.069,444557.656,0.133,1.792,0.488,0.28,6.95,True
149,18.456,1.0,656315.559,0.115,2.27,0.431,0.284,6.296,True
150,29.713,1.078,508192.161,0.084,2.156,0.568,0.122,1.946,True
151,20.013,1.013,387111.453,0.216,1.942,0.783,0.231,2.696,True
152,27.714,1.005,271742.22,0.116,2.399,0.771,0.074,7.05,True
153,28.143,1.159,415307.997,0.12,1.225,1.099,0.267,1.626,True
154,23.502,1.19,395828.525,0.117,0.97,1.141,0.296,9.998,True
155,29.171,1.167,299497.031,0.108,1.38,0.606,0.118,3.081,True
156,24.687,1.152,560983.072,0.164,1.4,0.923,0.201,5.379,True
157,19.557,1.193,628965.751,0.139,2.075,0.877,0.199,1.686,True
158,20.399,1.154,115318.486,0.228,2.388,1.095,0.084,9.692,True
159,18.062,1.045,214331.45,0.138,1.473,1.194,0.203,5.595,True
160,15.513,1.127,400905.728,0.105,1.136,0.698,0.317,4.264,True
161,21.033,1.128,117940.412,0.135,1.521,0.773,0.019,2.204,True
162,16.125,1.086,432847.004,0.103,2.374,0.684,0.002,5.576,True
163,18.004,1.168,354080.742,0.075,2.097,0.58,0.29,1.418,True
164,23.3,1.194,592906.473,0.239,1.728,0.952,0.225,8.198,True
165,19.569,1.065,448702.29,0.242,1.927,0.867,0.3,3.571,True
166,18.799,1.033,425730.68,0.21,2.054,1.077,0.114,5.169,True
167,16.72,1.179,419635.068,0.119,1.413,1.116,0.076,6.913,True
168,17.367,1.075,317562.428,0.237,1.174,1.149,0.266,3.219,True
169,20.16,1.19,198587.048,0.124,2.229,1.094,0.254,5.342,True
170,22.5,1.075,263567.502,0.096,1.607,0.546,0.333,7.798,True
171,28.823,1.2,158000.567,0.249,1.716,0.384,0.2,5.725,True
172,16.16,1.143,431677.581,0.2,2.385,0.622,0.312,7.073,True
173,28.912,1.093,355155.515,0.195,2.28,1.026,0.332,5.021,False
174,23.833,1.112,531073.622,0.088,1.955,1.103,0.204,2.271,True
175,25.999,1.036,177291.509,0.06,1.849,0.888,0.307,1.33,True
176,28.791,1.081,372454.131,0.168,1.055,0.795,0.175,6.483,True
177,17.206,1.013,182146.056,0.076,1.691,0.886,0.266,6.248,True
178,26.17,1.002,254949.847,0.125,1.193,0.875,0.032,6.789,True
179,26.966,1.048,613913.037,0.248,1.993,0.824,0.098,2.842,True
180,29.767,1.086,552885.452,0.15,2.296,0.963,0.235,3.956,False
181,22.647,1.162,206689.101,0.183,2.379,0.561,0.035,8.935,True
182,29.951,1.154,175188.19,0.193,1.126,0.57,0.047,4.164,True
183,21.206,1.017,687994.913,0.243,2.051,0.31,0.209,2.493,True
184,23.952,1.099,123961.399,0.088,2.214,0.56,0.251,1.769,True
185,26.4,1.187,325637.698,0.147,1.09,0.276,0.021,5.843,True
186,28.233,1.083,684661.684,0.104,1.199,0.422,0.093,2.642,True
187,20.87,1.176,362264.27,0.089,1.44,0.646,0.324,9.714,False
188,17.931,1.144,531752.746,0.087,1.239,0.373,0.152,8.383,True
189,25.605,1.039,570407.943,0.135,1.132,0.288,0.152,1.59,True
190,28.323,1.051,122673.589,0.074,1.184,0.712,0.19,2.233,True
191,27.536,1.103,671242.196,0.236,1.313,0.675,0.184,7.136,True
192,15.682,1.047,356812.728,0.177,2.182,0.588,0.243,8.084,True
193,16.341,1.126,302082.547,0.185,0.98,1.032,0.217,2.124,True
194,15.046,1.024,659577.783,0.208,1.223,1.144,0.285,4.249,True
195,28.399,1.124,606432.013,0.221,1.303,0.688,0.104,5.458,True
196,25.38,1.067,496921.245,0.071,1.739,0.909,0.299,9.033,True
197,17.895,1.043,635565.795,0.173,1.406,0.991,0.12,4.232,True
198,29.475,1.165,209768.988,0.066,1.66,1.024,0.155,7.348,True
199,18.094,1.14,293493.373,0.126,1.481,0.406,0.082,4.641,True
200,16.228,1.083,353534.601,0.116,1.164,1.196,0.133,4.099,True
201,23.976,1.125,188177.305,0.126,1.234,0.43,0.311,2.427,True
202,29.408,1.039,112969.929,0.194,2.286,1.015,0.254,5.871,True
203,26.492,1.143,670735.02,0.166,1.219,0.279,0.324,5.878,True
204,25.923,1.087,497406.067,0.059,1.111,0.594,0.094,3.711,False
205,29.812,1.019,197026.532,0.205,1.721,0.757,0.157,8.625,True
206,21.012,1.137,690733.128,0.136,1.637,0.583,0.044,2.936,True
207,18.484,1.181,666111.594,0.166,1.782,1.059,0.025,6.096,True
208,20.588,1.065,444041.432,0.12,1.878,0.359,0.248,3.438,True
209,26.059,1.029,329665.942,0.09,1.9,0.337,0.243,2.328,True
210,26.357,1.054,696017.832,0.178,1.682,1.086,0.182,4.959,True
211,28.832,1.086,421871.171,0.224,1.665,0.786,0.218,4.289,True
212,29.521,1.049,403845.387,0.143,1.011,0.953,0.216,5.981,True
213,28.202,1.138,420380.529,0.196,1.911,0.799,0.281,9.968,True
214,16.776,1.003,220707.572,0.25,1.641,1.117,0.139,5.62,True
215,17.444,1.034,114353.69,0.056,2.072,0.74,0.211,3.127,True
216,23.931,1.156,612683.895,0.119,1.633,0.474,0.04,1.241,True
217,20.851,1.03,566469.143,0.054,1.961,0.905,0.008,7.124,True
218,20.493,1.155,281502.601,0.061,1.793,0.604,0.173,3.334,True
219,26.906,1.089,342241.287,0.157,1.703,0.655,0.053,6.559,True
220,22.86,1.103,215894.657,0.099,1.382,0.656,0.051,6.396,True
221,19.645,1.056,386258.298,0.091,2.204,0.383,0.009,6.568,False
222,16.641,1.13,231005.953,0.197,1.318,1.0,0.061,9.424,True
223,25.647,1.023,566806.857,0.069,0.99,0.781,0.027,9.198,False
224,21.689,1.162,309396.961,0.197,2.003,1.172,0.32,4.876,True
225,27.782,1.196,351841.965,0.148,1.057,0.816,0.189,4.394,True
226,23.155,1.062,615043.323,0.084,1.654,1.087,0.197,7.549,True
227,25.022,1.18,155959.766,0.186,1.453,0.898,0.126,3.11,True
228,22.707,1.2,251955.984,0.097,1.047,0.52,0.279,7.771,True
229,26.923,1.02,254171.226,0.15,2.219,0.294,0.019,2.22,True
230,27.26,1.102,213522.125,0.054,1.618,0.699,0.201,5.859,True
231,25.413,1.195,198145.466,0.154,1.465,0.641,0.055,6.702,True
232,28.132,1.03,418168.45,0.176,1.784,0.805,0.241,7.59,True
233,18.343,1.019,437935.85,0.118,1.271,0.943,0.124,8.536,True
234,28.632,1.071,387651.642,0.191,2.278,0.993,0.128,8.944,True
235,27.06,1.183,411080.035,0.094,1.142,0.973,0.164,3.751,True
236,18.152,1.178,334824.005,0.17,1.197,1.023,0.287,9.869,True
237,24.485,1.144,147579.883,0.122,1.683,0.39,0.151,5.012,True
238,22.392,1.123,592292.819,0.249,2.123,0.553,0.015,9.471,True
239,18.912,1.162,451090.302,0.21,1.539,0.573,0.001,6.184,True
240,27.691,1.185,320705.058,0.097,1.397,0.612,0.006,8.466,False
241,27.304,1.146,436307.79,0.246,2.131,0.861,0.245,6.44,True
242,24.744,1.165,357617.382,0.228,2.217,0.434,0.33,2.541,False
243,17.424,1.072,230218.422,0.094,1.641,1.182,0.125,5.9,True
244,27.205,1.024,656027.85,0.242,1.892,0.417,0.182,6.129,True
245,28.466,1.154,203316.571,0.092,2.248,1.186,0.217,6.895,True
246,15.661,1.055,411530.241,0.108,1.019,0.651,0.248,3.387,True
247,17.518,1.196,177530.796,0.101,1.64,1.169,0.13,7.926,True
248,19.303,1.147,694098.64,0.218,1.088,0.589,0.274,2.018,True
249,17.48,1.115,604962.613,0.063,2.229,0.826,0.329,9.516,True
250,22.441,1.025,417570.011,0.086,2.055,0.92,0.153,6.576,True
251,15.401,1.136,163714.298,0.188,2.147,1.155,0.06,4.523,True
252,21.611,1.112,439606.692,0.206,1.823,0.767,0.135,2.066,True
253,19.467,1.112,192852.942,0.187,1.364,1.118,0.133,9.026,True
254,24.088,1.047,550228.988,0.207,2.092,0.714,0.005,5.416,True
255,24.852,1.156,396628.955,0.051,1.657,0.575,0.101,8.415,False
256,26.275,1.012,291998.222,0.114,2.141,0.356,0.199,3.23,True
257,16.069,1.185,474514.076,0.078,2.336,0.851,0.138,1.892,True
258,28.34,1.117,652680.274,0.248,1.384,0.854,0.317,8.355,True
259,21.739,1.114,186318.629,0.16,2.084,0.512,0.201,3.74,True
260,25.253,1.194,614237.566,0.116,2.029,0.511,0.236,9.701,True
261,23.768,1.157,261118.302,0.169,1.116,0.547,0.057,9.046,True
262,29.322,1.027,300113.202,0.096,1.759,1.193,0.124,8.032,False
263,20.955,1.159,498682.991,0.158,2.015,1.031,0.281,7.866,True
264,20.768,1.177,456984.93,0.083,2.101,1.058,0.147,2.473,True
265,25.49,1.038,120726.59,0.143,1.59,1.063,0.106,6.133,True
266,27.632,1.174,274873.241,0.083,1.3,1.017,0.255,6.027,True
267,29.87,1.009,567770.079,0.189,1.429,0.537,0.136,2.665,True
268,18.7,1.143,167053.214,0.05,1.035,1.185,0.271,6.279,True
269,23.288,1.002,590090.866,0.136,1.735,0.368,0.171,9.379,True
270,15.723,1.024,530368.293,0.136,1.858,1.151,0.071,3.054,True
271,23.01,1.2,559176.146,0.161,1.267,0.555,0.263,5.205,True
272,21.813,1.166,563777.861,0.162,1.554,1.022,0.224,8.27,True
273,23.528,1.161,142880.488,0.077,1.482,1.064,0.208,9.245,True
274,22.906,1.01,436859.1,0.237,1.985,1.01,0.034,7.871,True
275,29.648,1.054,244600.009,0.109,0.976,0.662,0.154,2.774,True
276,19.481,1.111,677391.083,0.171,2.018,1.125,0.126,2.402,True
277,17.188,1.139,433886.195,0.23,1.923,1.039,0.102,5.325,True
278,21.295,1.092,488339.037,0.077,1.31,0.981,0.23,3.365,True
279,20.285,1.116,534088.963,0.1,1.814,1.047,0.303,9.789,True
280,18.514,1.163,274022.755,0.06,1.065,0.745,0.149,7.707,False
281,28.988,1.08,544740.908,0.134,1.3,1.171,0.292,9.484,True
282,28.956,1.097,626351.816,0.204,1.028,0.539,0.149,4.119,True
283,22.675,1.037,255767.463,0.154,1.307,0.938,0.09,3.94,True
284,18.818,1.057,187273.037,0.234,1.266,0.896,0.129,8.775,True
285,17.987,1.052,329003.236,0.172,2.127,0.36,0.086,2.057,True
286,22.416,1.153,648408.982,0.239,1.083,0.986,0.303,2.242,True
287,27.759,1.008,458715.333,0.065,1.395,0.797,0.135,8.494,True
288,22.065,1.127,337978.854,0.074,1.951,0.649,0.27,8.407,True
289,17.078,1.15,401854.446,0.081,1.719,1.008,0.237,4.258,True
290,22.88,1.147,170201.472,0.072,2.393,0.277,0.146,8.163,True
291,22.72,1.196,242429.457,0.063,1.529,0.67,0.251,6.185,True
292,15.23,1.183,353058.542,0.225,1.185,1.032,0.156,4.271,True
293,23.118,1.034,655402.758,0.062,1.507,1.079,0.306,4.973,True
294,28.901,1.058,128809.308,0.058,2.058,0.744,0.31,4.592,True
295,27.464,1.056,476569.314,0.113,1.351,0.37,0.071,3.379,True
296,17.047,1.183,243701.466,0.172,1.303,0.562,0.077,7.442,True
297,20.046,1.129,401691.968,0.157,1.113,0.264,0.022,3.046,True
298,21.16,1.194,257836.406,0.058,1.856,0.336,0.021,1.186,True
299,19.848,1.126,196333.545,0.096,1.982,1.08,0.297,1.55,True
300,24.066,1.158,600509.225,0.116,2.368,1.128,0.045,4.631,True
301,25.722,1.016,206081.891,0.211,1.686,0.382,0.317,2.52,True
302,18.401,1.014,312507.934,0.126,1.565,0.695,0.076,7.877,True
303,18.598,1.107,328515.501,0.128,1.751,0.754,0.081,1.394,True
304,27.616,1.009,373457.413,0.074,1.673,1.06,0.024,3.988,False
305,16.045,1.163,588523.844,0.136,1.041,0.784,0.259,1.843,True
306,20.49,1.061,336949.298,0.077,1.499,0.87,0.172,2.14,True
307,15.431,1.048,565515.794,0.07,1.096,0.243,0.075,8.723,False
308,15.86,1.182,478853.807,0.101,1.948,0.878,0.173,8.832,True
309,28.229,1.172,250018.713,0.156,1.233,0.272,0.127,8.585,True
310,20.202,1.011,593263.372,0.109,2.152,0.708,0.016,4.851,True
311,18.623,1.066,264824.603,0.153,1.941,0.617,0.269,8.91,True
312,27.444,1.148,277718.313,0.105,2.185,0.421,0.087,9.053,False
313,22.777,1.097,575683.629,0.107,1.535,0.619,0.312,5.936,True
314,15.466,1.146,315909.119,0.145,1.699,0.914,0.321,6.33,True
315,19.324,1.008,636866.131,0.213,2.215,0.822,0.186,2.264,True
316,16.091,1.155,195647.292,0.233,1.444,0.965,0.295,4.804,True
317,25.685,1.161,179034.42,0.158,1.722,0.43,0.092,8.572,True
318,29.799,1.055,581609.982,0.106,1.043,0.506,0.125,5.475,True
319,21.258,1.098,212467.477,0.072,0.972,0.76,0.042,5.392,True
320,23.195,1.015,286535.578,0.064,0.962,0.904,0.332,6.522,True
321,15.296,1.17,685834.595,0.054,1.182,1.16,0.008,2.452,False
322,17.232,1.171,546776.339,0.154,2.07,1.147,0.123,5.635,True
323,26.821,1.021,644939.325,0.217,1.496,1.158,0.095,6.981,True
324,18.087,1.028,285530.182,0.064,2.116,0.373,0.182,2.196,True
325,22.408,1.096,668137.545,0.082,1.004,0.4,0.039,7.079,True
326,26.875,1.164,341305.692,0.065,1.968,0.438,0.207,2.62,True
327,25.273,1.152,623846.668,0.202,1.818,0.643,0.163,1.663,True
328,28.096,1.022,407106.423,0.143,1.324,0.912,0.153,8.674,True
329,19.344,1.186,244418.085,0.236,1.799,0.486,0.079,2.482,True
330,24.922,1.108,556359.718,0.086,1.613,0.746,0.093,2.676,True
331,21.368,1.188,342622.867,0.07,2.324,0.332,0.041,2.046,True
332,29.501,1.179,518904.493,0.187,1.101,1.004,0.067,7.109,True
333,19.207,1.171,215332.146,0.198,1.771,0.738,0.333,6.419,False
334,28.522,1.032,513272.842,0.177,2.011,0.832,0.03,1.54,True
335,21.176,1.086,214724.598,0.093,1.677,0.688,0.039,3.993,True
336,28.252,1.176,679305.994,0.14,2.057,0.807,0.187,4.171,True
337,20.828,1.123,142423.528,0.063,1.667,0.723,0.148,2.183,True
338,21.8,1.102,233744.985,0.191,2.284,0.246,0.042,8.304,True
339,29.677,1.042,352149.312,0.198,1.007,0.321,0.289,7.894,True
340,26.763,1.02,628153.799,0.067,1.737,0.338,0.229,2.409,True
341,26.25,1.157,381959.562,0.138,1.49,0.998,0.206,3.105,True
342,24.362,1.114,454197.793,0.153,2.264,0.936,0.08,6.963,True
343,16.887,1.079,691494.71,0.151,2.259,0.848,0.257,6.316,True
344,27.749,1.063,221953.744,0.067,1.24,0.966,0.1,4.791,True
345,24.728,1.178,599658.567,0.137,1.71,0.842,0.245,7.81,True
346,22.107,1.092,459519.639,0.243,1.0,0.732,0.206,7.245,True
347,29.148,1.13,511613.473,0.233,2.187,0.958,0.178,9.383,True
348,28.608,1.138,364562.558,0.178,1.937,0.4,0.029,9.858,True
349,27.333,1.106,191973.087,0.066,1.582,1.055,0.275,7.317,True
350,29.3,1.018,110855.558,0.246,1.255,0.66,0.054,5.269,True
351,17.386,1.074,454882.554,0.175,1.165,0.677,0.196,6.111,True
352,28.07,1.004,360202.054,0.076,0.986,1.065,0.128,5.186,True
353,28.446,1.187,217756.778,0.191,1.269,0.395,0.097,8.882,True
354,17.25,1.183,650867.173,0.186,1.209,0.913,0.167,3.422,True
355,15.596,1.104,269507.916,0.123,2.312,0.635,0.107,5.972,True
356,16.304,1.076,529296.525,0.159,1.246,0.247,0.22,1.414,True
357,26.731,1.046,603895.689,0.052,1.216,1.104,0.088,1.923,True
358,22.997,1.191,363177.01,0.085,2.356,0.322,0.067,1.6,True
359,17.941,1.055,287242.584,0.08,1.611,0.794,0.014,9.906,False
360,16.42,1.17,480894.918,0.224,1.134,1.047,0.258,2.043,True
361,18.381,1.122,673819.03,0.097,1.001,0.54,0.132,4.491,True
362,17.495,1.044,427166.472,0.206,2.34,0.576,0.156,6.948,True
363,22.206,1.148,249439.891,0.175,2.238,0.867,0.143,8.85,True
364,25.545,1.19,399683.02,0.121,1.527,1.163,0.277,4.738,True
365,18.668,1.19,133190.466,0.193,1.285,0.583,0.056,5.605,True
366,24.272,1.157,218544.581,0.091,1.484,0.957,0.274,3.882,True
367,19.932,1.17,520312.753,0.212,1.273,1.056,0.142,6.809,True
368,20.659,1.122,242175.186,0.131,1.829,0.847,0.283,6.753,True
369,22.123,1.192,662649.298,0.14,1.839,0.553,0.179,9.746,True
370,21.89,1.066,651611.179,0.134,2.104,0.759,0.109,7.271,True
371,16.665,1.082,310947.098,0.116,1.383,0.777,0.063,6.232,True
372,23.407,1.134,270419.334,0.114,1.107,1.035,0.031,1.742,True
373,16.489,1.035,642274.188,0.135,1.6,0.84,0.13,9.321,True
374,25.851,1.119,424920.085,0.109,1.005,0.602,0.098,2.591,True
375,20.337,1.198,208499.096,0.248,1.703,1.18,0.332,8.635,False
376,25.897,1.081,302380.368,0.244,1.629,1.102,0.072,2.293,True
377,21.07,1.19,205562.726,0.114,2.023,0.885,0.141,9.562,True
378,17.104,1.11,251195.586,0.052,2.361,0.884,0.15,2.738,True
379,19.256,1.075,413033.061,0.205,2.021,0.339,0.078,3.282,True
380,23.436,1.115,697333.281,0.232,1.068,0.803,0.07,7.617,True
381,24.447,1.077,583513.425,0.058,1.775,0.45,0.223,2.864,True
382,24.758,1.148,699535.464,0.109,1.563,0.986,0.164,1.648,True
383,19.589,1.11,308050.051,0.2,1.458,0.513,0.019,4.324,True
384,17.676,1.192,276486.703,0.152,2.018,0.557,0.284,3.792,True
385,22.288,1.077,119777.856,0.133,1.222,0.962,0.326,4.023,True
386,26.323,1.04,586762.331,0.229,1.265,0.616,0.106,5.709,True
387,19.115,1.181,392704.901,0.166,2.221,1.17,0.16,6.91,True
388,26.04,1.011,443001.899,0.055,1.992,0.341,0.27,5.637,True
389,16.9,1.006,660299.698,0.143,1.909,0.462,0.004,9.825,False
390,19.526,1.14,271377.52,0.185,1.528,0.823,0.01,9.532,True
391,26.374,1.107,577480.851,0.19,1.596,0.241,0.261,5.887,True
392,23.509,1.149,484082.463,0.149,2.066,0.907,0.04,3.551,True
393,24.897,1.111,167619.277,0.18,1.621,1.187,0.015,9.389,True
394,28.165,1.107,596862.79,0.213,2.292,0.599,0.224,3.961,True
395,17.721,1.182,204104.121,0.079,1.735,0.349,0.069,3.971,True
396,22.195,1.049,138349.066,0.199,1.798,0.627,0.078,2.03,True
397,28.368,1.027,266127.915,0.066,1.52,0.617,0.002,6.999,False
398,28.752,1.028,104671.094,0.073,2.052,0.456,0.038,1.814,True
399,18.925,1.146,447254.25,0.127,1.248,0.796,0.09,9.916,True
400,19.618,1.099,389994.865,0.215,1.869,0.725,0.033,9.139,True
401,19.223,1.038,145266.028,0.053,1.705,0.715,0.162,6.166,True
402,26.309,1.01,231799.541,0.161,1.452,0.381,0.31,9.29,True
403,15.22,1.089,126793.743,0.052,1.817,0.995,0.215,5.106,True
404,25.89,1.036,339355.913,0.192,1.931,0.323,0.275,3.174,True
405,22.067,1.182,252901.786,0.061,1.371,0.492,0.202,1.039,True
406,22.514,1.091,501758.261,0.064,1.825,1.164,0.222,8.794,True
407,25.799,1.176,103776.24,0.225,1.659,1.092,0.181,4.564,True
408,25.652,1.058,133705.565,0.133,2.273,0.773,0.302,4.302,True
409,27.141,1.001,388482.999,0.111,1.461,0.937,0.246,3.825,True
410,18.849,1.168,317997.975,0.119,1.668,1.053,0.191,8.808,True
411,17.0,1.166,157548.032,0.166,1.319,0.523,0.125,5.907,True
412,23.58,1.111,296454.634,0.14,2.237,0.599,0.164,3.787,True
413,18.573,1.155,467946.973,0.215,1.92,1.109,0.327,4.761,False
414,20.005,1.008,114622.02,0.231,1.404,0.307,0.026,8.459,True
415,17.772,1.027,121945.447,0.155,1.275,1.076,0.141,3.331,True
416,15.191,1.034,584530.956,0.241,1.959,1.082,0.095,2.701,True
417,21.405,1.175,270205.858,0.074,1.144,0.278,0.157,8.42,True
418,16.733,1.181,306032.694,0.212,1.835,0.858,0.114,5.684,True
419,28.495,1.07,413499.826,0.128,0.971,0.384,0.007,2.599,True
420,18.126,1.003,607198.386,0.137,1.724,0.654,0.059,8.784,True
421,19.981,1.03,639370.232,0.196,1.31,0.777,0.063,3.079,True
422,25.062,1.167,410719.61,0.217,1.837,1.125,0.169,1.737,True
423,20.63,1.193,333021.948,0.115,1.263,0.501,0.325,6.031,False
424,17.062,1.131,476117.854,0.152,1.841,0.586,0.169,9.613,True
425,19.371,1.009,437339.471,0.101,1.203,0.75,0.1,2.962,True
426,19.042,1.056,302908.684,0.181,2.083,1.071,0.234,6.246,True
427,27.508,1.088,278893.87,0.182,2.321,0.386,0.044,8.686,True
428,17.786,1.094,688243.398,0.127,1.471,0.77,0.009,5.365,True
429,27.285,1.018,504674.171,0.09,1.321,0.801,0.094,7.733,True
430,24.129,1.046,553713.249,0.057,1.61,1.057,0.012,4.177,False
431,20.084,1.021,149289.503,0.203,1.128,0.632,0.252,3.597,True
432,29.862,1.141,684002.421,0.075,2.119,0.677,0.038,4.86,False
433,26.509,1.053,228766.177,0.194,1.386,0.501,0.064,2.579,True
434,27.573,1.103,154731.817,0.173,1.17,0.503,0.267,1.133,True
435,22.029,1.052,473576.68,0.051,1.685,0.935,0.056,1.7,True
436,28.535,1.119,341167.987,0.219,1.122,0.687,0.235,3.141,True
437,27.819,1.101,430884.067,0.208,2.244,1.148,0.297,7.649,False
438,21.272,1.082,228087.577,0.073,1.212,1.093,0.247,1.939,True
439,23.226,1.163,267465.874,0.248,2.235,0.502,0.158,7.086,True
440,16.033,1.046,313106.271,0.076,1.925,0.426,0.13,5.615,True
441,15.532,1.1,212904.054,0.139,1.038,0.895,0.058,7.6,True
442,22.177,1.033,278227.963,0.147,1.741,0.916,0.319,7.972,True
443,18.753,1.039,546316.612,0.112,2.241,0.37,0.192,5.657,True
444,23.319,1.147,495446.18,0.066,1.779,0.246,0.08,5.571,True
445,24.628,1.113,595885.921,0.183,2.139,0.782,0.065,8.174,True
446,29.563,1.136,549548.583,0.068,1.842,1.014,0.02,5.93,False
447,24.055,1.066,634284.392,0.177,1.965,0.834,0.25,3.63,True
448,24.024,1.118,604138.518,0.082,2.093,0.819,0.187,9.006,True
449,15.092,1.112,517663.253,0.152,1.765,1.105,0.131,5.679,True
450,15.694,1.163,373789.273,0.065,2.242,0.774,0.096,8.551,True
451,28.712,1.014,552197.314,0.078,2.013,0.623,0.084,1.1,True
452,26.703,1.039,265324.061,0.073,2.308,0.725,0.094,8.982,True
453,21.86,1.146,132808.663,0.165,1.272,0.768,0.151,8.045,True
454,16.266,1.07,675061.097,0.073,1.375,1.057,0.042,1.277,True
455,29.206,1.076,383034.677,0.196,1.887,1.021,0.11,6.347,True
456,15.923,1.048,143934.192,0.141,1.86,1.02,0.127,9.547,True
457,15.969,1.114,260079.09,0.236,1.241,0.994,0.091,4.75,True
458,18.043,1.134,515865.67,0.201,1.288,1.162,0.079,6.323,True
459,17.602,1.016,345776.608,0.158,1.786,0.377,0.049,3.164,True
460,17.577,1.162,118368.647,0.133,0.963,1.013,0.186,8.38,True
461,17.752,1.031,292542.202,0.24,1.991,0.893,0.079,9.603,True
462,23.988,1.192,405173.268,0.066,1.512,0.291,0.145,4.482,False
463,29.697,1.075,554779.187,0.123,1.258,0.303,0.069,4.812,True
464,16.741,1.073,101993.408,0.151,2.141,0.585,0.031,3.69,True
465,28.948,1.091,399077.079,0.167,2.294,0.53,0.086,9.808,True
466,19.812,1.038,351030.375,0.056,1.906,1.135,0.19,7.844,True
467,25.701,1.057,298926.93,0.081,1.076,0.356,0.131,1.82,True
468,25.452,1.147,558675.511,0.189,1.421,0.292,0.155,4.588,True
469,23.099,1.144,150152.7,0.118,1.131,0.637,0.287,1.634,True
470,19.39,1.042,185449.849,0.224,1.388,1.147,0.037,3.628,True
471,15.136,1.036,165991.339,0.123,2.088,0.331,0.199,4.95,True
472,17.875,1.139,146625.394,0.174,1.504,0.721,0.259,3.537,True
473,28.483,1.019,685084.726,0.158,2.315,1.188,0.303,3.915,True
474,21.462,1.18,544375.781,0.095,2.114,1.196,0.0,2.537,True
475,28.808,1.098,509345.027,0.242,1.356,0.62,0.045,6.696,True
476,29.2,1.153,590708.098,0.18,1.121,1.074,0.107,4.671,True
477,18.329,1.084,423997.033,0.186,1.909,0.464,0.293,8.646,True
478,27.521,1.198,631775.87,0.084,2.392,0.899,0.207,5.058,True
479,15.879,1.018,156940.849,0.064,2.061,0.75,0.022,2.751,True
480,26.601,1.021,492080.426,0.184,2.094,0.944,0.132,8.545,True
481,22.568,1.064,672104.043,0.109,1.876,0.351,0.122,1.987,True
482,23.369,1.09,500708.966,0.113,2.296,0.982,0.199,6.857,True
483,23.212,1.057,564547.202,0.06,2.257,0.992,0.327,4.429,True
484,27.24,1.199,428960.168,0.218,1.493,0.346,0.264,6.377,False
485,18.644,1.032,441449.795,0.219,1.14,0.258,0.046,8.508,True
486,16.958,1.062,524224.086,0.226,1.07,0.25,0.033,6.504,True
487,26.04,1.056,134378.462,0.192,1.213,0.945,0.172,5.792,True
488,25.676,1.181,522987.573,0.131,2.352,1.062,0.228,3.874,True
489,16.317,1.049,683759.474,0.078,1.013,0.741,0.314,8.475,True
490,27.979,1.179,234676.248,0.164,1.146,0.497,0.117,5.45,True
491,27.903,1.14,578757.04,0.089,2.028,0.287,0.168,8.519,True
492,20.384,1.199,314310.388,0.1,1.548,0.728,0.109,7.966,True
493,21.324,1.082,613080.161,0.122,1.855,0.634,0.247,6.086,True
494,20.935,1.111,397062.076,0.171,2.078,0.256,0.054,6.825,True
495,17.555,1.042,136439.474,0.15,1.743,0.582,0.104,2.375,True
496,24.03,1.076,623465.187,0.181,1.847,0.93,0.074,4.906,True
497,20.342,1.182,506561.951,0.156,1.376,0.924,0.253,7.188,True
498,19.791,1.052,661240.112,0.21,2.312,0.827,0.194,7.385,True
499,25.538,1.16,657349.589,0.237,1.219,0.648,0.177,7.139,True
500,21.513,1.016,418643.617,0.239,2.275,1.115,0.011,5.776,True
501,16.857,1.058,517483.242,0.246,1.036,0.404,0.178,1.981,True
502,21.024,1.099,463120.271,0.204,1.95,0.428,0.077,9.159,True
503,18.649,1.026,138924.546,0.183,1.094,0.978,0.224,5.133,True
504,17.58,1.056,596496.616,0.211,2.391,1.075,0.143,9.4,True
505,29.028,1.108,416433.906,0.149,1.341,0.319,0.052,3.943,True
506,21.314,1.008,321809.923,0.184,1.769,0.543,0.059,9.325,True
507,23.605,1.053,182590.621,0.11,1.56,0.82,0.236,4.51,True
508,29.127,1.171,347983.787,0.104,1.96,0.526,0.179,6.517,True
509,20.991,1.185,479243.914,0.107,1.514,0.953,0.153,7.729,True
510,26.422,1.1,683153.73,0.053,1.281,0.302,0.039,6.079,False
511,22.132,1.094,388999.114,0.128,1.296,0.282,0.304,8.954,True
512,25.362,1.129,349948.808,0.053,1.242,0.694,0.164,3.37,True
513,26.538,1.091,189691.453,0.14,1.545,0.448,0.12,4.771,True
514,28.725,1.084,507218.765,0.189,1.802,0.661,0.01,5.741,True
515,20.531,1.148,465700.698,0.173,1.072,0.389,0.294,7.896,True
516,16.991,1.088,455603.58,0.236,1.49,0.264,0.212,9.759,True
517,27.158,1.053,363406.7,0.233,1.557,0.873,0.064,9.63,True
518,28.769,1.063,216427.219,0.204,2.063,0.845,0.061,3.404,True
519,28.565,1.036,483621.63,0.152,1.549,0.35,0.126,2.606,True
520,28.677,1.132,409189.24,0.103,0.98,0.504,0.253,8.988,True
521,17.299,1.061,256674.974,0.207,1.123,0.524,0.09,8.239,True
522,19.543,1.131,426581.295,0.106,2.034,0.683,0.194,4.932,True
523,16.938,1.133,128726.63,0.227,1.505,1.089,0.167,1.864,True
524,20.818,1.026,151349.645,0.07,1.732,1.151,0.22,2.499,True
525,18.027,1.142,559689.843,0.069,1.053,0.363,0.183,1.057,True
526,22.683,1.059,186865.911,0.24,2.128,1.135,0.196,4.054,True
527,24.288,1.091,507959.367,0.227,1.575,0.78,0.063,7.028,True
528,25.125,1.087,391087.786,0.068,1.821,0.846,0.062,1.194,True
529,17.331,1.169,176166.897,0.202,2.132,0.297,0.286,9.983,True
530,28.545,1.044,324961.301,0.134,1.157,0.443,0.021,2.908,True
531,26.484,1.118,294130.643,0.156,2.032,1.079,0.085,7.535,True
532,16.104,1.156,514984.831,0.182,2.348,0.467,0.145,1.916,True
533,20.884,1.05,247090.028,0.102,1.314,0.997,0.272,4.069,True
534,28.013,1.035,528130.833,0.176,2.107,0.804,0.241,9.671,True
535,18.873,1.145,358020.221,0.224,1.957,1.008,0.054,3.575,True
536,27.366,1.142,620528.266,0.186,1.579,0.663,0.231,7.786,True
537,18.772,1.013,535730.523,0.105,1.115,0.632,0.238,2.668,True
538,23.133,1.168,502146.991,0.132,1.224,0.671,0.207,9.213,True
539,29.911,1.157,246550.085,0.241,1.695,0.478,0.096,1.299,True
540,26.786,1.085,108265.097,0.068,2.149,0.285,0.107,6.645,True
541,29.976,1.03,140221.923,0.213,1.87,0.533,0.072,7.572,True
542,21.338,1.089,584973.57,0.243,1.102,0.729,0.048,9.101,True
543,15.542,1.05,148860.392,0.162,2.363,1.073,0.146,4.734,True
544,25.841,1.177,435683.834,0.166,1.542,1.155,0.112,6.481,True
545,22.229,1.052,475115.032,0.187,1.28,0.362,0.087,4.353,True
546,16.834,1.132,590827.4,0.192,1.918,0.893,0.166,3.607,True
547,15.84,1.152,450624.332,0.059,1.394,0.519,0.159,4.991,True
548,23.171,1.16,336362.47,0.171,2.377,0.515,0.255,1.37,True
549,27.351,1.065,520676.179,0.13,1.088,0.306,0.007,1.877,True
550,15.384,1.078,309909.664,0.185,0.968,0.496,0.113,1.702,True
551,23.555,1.199,111501.137,0.142,1.998,0.751,0.072,9.084,True
552,20.506,1.066,446352.877,0.151,1.955,1.101,0.207,4.998,True
553,15.275,1.129,365359.276,0.224,1.449,0.672,0.188,9.119,True
554,18.505,1.062,619687.484,0.163,2.217,0.983,0.032,3.44,True
555,26.22,1.145,124244.786,0.201,1.716,1.098,0.284,9.649,True
556,23.962,1.15,469377.327,0.059,1.176,0.41,0.32,8.607,True
557,22.742,1.155,561765.841,0.083,2.081,0.327,0.243,8.001,True
558,25.145,1.104,582436.818,0.076,1.336,1.036,0.194,9.259,True
559,21.649,1.017,644339.098,0.187,1.564,0.934,0.079,3.707,True
560,18.202,1.081,173299.889,0.183,1.181,1.184,0.162,7.163,True
561,28.929,1.081,457485.431,0.207,0.976,0.784,0.114,5.062,True
562,21.381,1.08,165393.434,0.099,1.171,0.626,0.218,9.776,True
563,19.603,1.182,112588.187,0.149,1.532,0.972,0.182,4.319,True
564,29.637,1.031,121251.079,0.153,1.467,0.925,0.051,5.1,False
565,22.372,1.074,310102.381,0.068,2.283,0.813,0.013,2.364,True
566,26.329,1.179,200788.219,0.221,1.502,0.607,0.165,1.083,True
567,19.838,1.077,606313.775,0.178,1.524,1.078,0.038,7.373,True
568,15.41,1.107,395030.446,0.062,2.133,1.002,0.21,7.166,True
569,26.755,1.093,117081.09,0.125,1.885,0.257,0.017,1.673,True
570,27.937,1.106,601548.304,0.137,1.766,0.414,0.306,5.212,True
571,29.956,1.195,359573.689,0.171,1.752,1.043,0.33,2.683,True
572,16.188,1.09,543475.033,0.151,1.454,0.629,0.324,5.046,True
573,17.913,1.161,284694.725,0.144,1.077,0.393,0.215,4.438,True
574,17.254,1.194,334303.553,0.054,1.305,0.251,0.266,1.5,True
575,19.692,1.141,211067.039,0.075,1.474,0.705,0.154,7.341,True
576,24.387,1.197,502887.752,0.168,1.998,1.133,0.116,1.441,True
577,26.929,1.136,105397.869,0.107,1.976,0.489,0.135,2.876,True
578,28.273,1.1,576012.053,0.207,1.19,0.681,0.198,7.657,True
579,26.563,1.068,348421.182,0.083,0.989,1.112,0.205,2.558,True
580,25.289,1.129,106637.565,0.214,2.195,0.557,0.188,8.901,True
581,29.141,1.028,424455.112,0.115,1.836,0.47,0.093,4.615,True
582,24.915,1.112,349400.829,0.223,2.267,0.841,0.113,2.851,True
583,19.407,1.095,361145.892,0.165,1.47,0.571,0.155,9.64,True
584,15.154,1.095,597451.432,0.249,1.476,1.083,0.228,6.718,True
585,24.661,1.142,547889.141,0.056,1.533,0.897,0.068,3.348,False
586,29.269,1.016,257321.468,0.238,1.989,0.242,0.331,6.116,False
587,19.067,1.055,180772.609,0.149,1.602,1.175,0.174,7.119,True
588,15.336,1.082,382558.743,0.22,2.231,0.692,0.242,6.861,True
589,18.473,1.015,572501.461,0.247,1.141,0.388,0.295,1.903,True
590,24.105,1.17,636370.476,0.121,2.067,1.07,0.238,3.478,True
591,26.188,1.139,234214.603,0.215,1.763,0.956,0.211,5.523,True
592,17.28,1.13,137656.935,0.097,2.187,0.713,0.299,5.317,True
593,25.329,1.146,326295.379,0.189,1.578,0.241,0.276,4.085,True
594,18.784,1.088,416878.36,0.073,1.411,1.033,0.134,6.821,True
595,27.686,1.133,487779.817,0.086,1.327,0.481,0.032,2.281,True
596,15.794,1.193,540018.479,0.075,2.03,1.088,0.267,7.93,True
597,25.165,1.111,370111.895,0.146,2.024,1.139,0.081,8.368,True
598,18.75,1.131,272437.282,0.241,1.546,0.276,0.002,6.258,True
599,21.052,1.154,652539.63,0.131,1.879,0.407,0.263,9.924,True
600,25.383,1.127,132004.483,0.112,1.066,1.066,0.323,2.115,True
601,22.166,1.032,143371.21,0.229,2.265,0.731,0.065,1.49,True
602,29.449,1.173,343579.672,0.19,1.747,0.375,0.269,7.36,True
603,17.29,1.137,467211.088,0.238,1.002,1.179,0.281,4.979,True
604,29.892,1.169,190568.657,0.179,1.81,0.554,0.043,8.251,True
605,27.859,1.074,311368.693,0.208,1.897,0.706,0.329,9.07,True
606,20.672,1.088,484857.829,0.089,1.207,0.961,0.018,5.234,True
607,27.541,1.067,633444.196,0.098,2.164,1.108,0.275,2.334,False
608,24.861,1.019,289184.116,0.117,2.074,0.534,0.044,1.02,True
609,24.636,1.036,629204.898,0.178,1.451,0.483,0.294,8.069,True
610,23.396,1.162,339913.733,0.216,2.33,0.993,0.097,3.257,True
611,23.658,1.059,393430.243,0.124,1.147,1.132,0.149,1.782,True
612,24.15,1.027,227393.167,0.074,1.555,1.096,0.021,1.349,True
613,27.037,1.079,166504.024,0.176,1.968,0.549,0.05,3.302,True
614,29.999,1.013,530107.626,0.175,2.077,0.255,0.035,6.735,True
615,18.729,1.03,648221.698,0.071,1.166,1.19,0.157,3.839,True
616,21.442,1.041,681446.251,0.147,1.603,0.758,0.048,2.89,True
617,29.848,1.193,664657.621,0.18,1.061,0.558,0.214,1.425,True
618,26.985,1.037,495148.583,0.244,1.459,0.976,0.322,8.762,True
619,24.546,1.191,477004.609,0.09,1.016,0.426,0.3,9.734,True
620,16.592,1.041,148435.353,0.11,1.783,0.734,0.142,3.121,True
621,15.931,1.084,251498.702,0.1,1.627,0.318,0.2,4.969,True
622,15.498,1.033,144565.742,0.088,1.277,0.592,0.246,5.765,True
623,27.172,1.103,513536.234,0.246,1.983,1.177,0.286,6.748,True
624,25.905,1.118,698654.078,0.132,1.04,1.051,0.221,6.935,True
625,26.529,1.16,627323.419,0.173,1.921,0.941,0.195,9.946,True
626,26.291,1.063,640362.016,0.072,1.621,0.855,0.227,3.027,True
627,20.454,1.118,523808.089,0.062,1.589,0.329,0.313,2.177,True
628,29.937,1.133,503259.846,0.24,1.35,0.894,0.201,6.22,True
629,21.418,1.01,239844.072,0.145,2.212,1.084,0.022,5.153,True
630,25.506,1.012,400378.601,0.126,0.989,0.487,0.25,9.218,True
631,22.008,1.021,139084.033,0.215,2.255,0.317,0.024,6.054,True
632,21.345,1.186,538562.003,0.132,2.142,0.821,0.271,5.867,True
633,15.369,1.136,279922.096,0.084,1.112,0.455,0.229,3.868,True
634,17.039,1.078,303524.327,0.235,1.103,0.919,0.133,3.653,True
635,26.102,1.097,571688.226,0.184,1.718,0.46,0.061,2.994,True
636,18.943,1.192,379565.874,0.082,1.987,0.86,0.118,3.455,True
637,22.601,1.198,292798.647,0.105,1.017,0.928,0.083,4.196,True
638,29.51,1.116,422375.02,0.077,1.97,0.883,0.33,8.847,True
639,20.617,1.063,107606.506,0.058,2.099,0.988,0.158,1.267,True
640,17.011,1.175,323562.919,0.054,1.801,0.817,0.121,7.277,True
641,18.367,1.146,649854.233,0.164,1.537,0.726,0.262,9.339,True
642,18.309,1.044,237941.297,0.085,2.079,1.099,0.02,3.85,True
643,24.79,1.189,550857.627,0.222,1.129,0.495,0.004,1.725,True
644,26.693,1.024,660417.646,0.178,1.448,0.347,0.278,2.511,True
645,27.186,1.001,692996.53,0.13,1.107,1.133,0.066,7.814,True
646,25.084,1.09,333549.555,0.097,1.573,0.856,0.216,7.976,True
647,29.234,1.151,409918.578,0.16,2.249,0.441,0.265,4.048,True
648,20.249,1.191,642677.588,0.192,2.224,0.94,0.311,2.072,False
649,18.112,1.005,332479.332,0.227,1.401,0.472,0.059,2.313,True
650,27.116,1.165,646310.215,0.22,1.393,0.463,0.045,9.456,True
651,23.913,1.12,281977.666,0.139,2.065,0.805,0.209,3.016,True
652,26.443,1.04,220336.146,0.093,2.362,0.717,0.318,1.451,True
653,17.906,1.023,290033.047,0.115,1.567,0.424,0.153,6.549,True
654,21.247,1.14,697981.768,0.228,1.137,0.788,0.296,3.811,True
655,21.188,1.049,268949.096,0.219,2.06,0.703,0.234,9.114,True
656,22.607,1.092,501320.705,0.094,1.359,0.345,0.112,9.559,True
657,22.319,1.13,408636.791,0.093,2.225,0.85,0.123,5.179,True
658,23.421,1.154,489299.887,0.23,2.302,0.292,0.151,2.571,True
659,17.408,1.041,620953.542,0.19,1.945,0.252,0.306,9.797,True
660,24.454,1.157,434921.754,0.163,1.236,0.499,0.252,7.368,True
661,23.903,1.123,325257.078,0.055,1.286,0.879,0.325,7.29,False
662,29.442,1.134,305261.889,0.067,1.928,1.136,0.26,8.324,True
663,29.75,1.12,380509.176,0.198,1.149,0.596,0.236,5.534,True
664,22.049,1.004,515663.137,0.112,1.776,0.932,0.12,4.376,True
665,15.717,1.127,526486.509,0.214,2.24,1.12,0.103,3.49,True
666,18.242,1.125,624574.036,0.23,1.439,0.933,0.211,2.637,True
667,25.439,1.187,599862.051,0.142,2.383,0.947,0.143,7.013,True
668,22.983,1.008,193568.516,0.223,1.635,0.666,0.103,2.004,True
669,29.484,1.069,457739.451,0.181,1.901,0.533,0.304,5.141,True
670,22.34,1.083,174253.046,0.075,1.326,0.299,0.22,4.657,True
671,22.267,1.138,460498.465,0.1,2.161,1.191,0.258,3.589,True
672,23.179,1.044,511051.073,0.069,2.038,0.365,0.034,5.289,True
673,28.291,1.175,421321.584,0.072,1.178,1.106,0.133,4.128,True
674,22.839,1.01,464125.195,0.155,1.995,0.752,0.309,4.412,True
675,27.479,1.079,443488.118,0.174,2.223,0.549,0.23,6.59,True
676,24.811,1.145,414133.266,0.194,1.675,0.602,0.07,1.798,True
677,21.085,1.197,319008.004,0.072,1.411,1.05,0.282,5.395,True
678,18.299,1.097,152156.001,0.159,2.176,0.423,0.092,3.182,True
679,15.612,1.133,618168.89,0.117,1.027,0.843,0.001,3.395,True
680,15.449,1.037,605227.813,0.232,1.237,0.853,0.159,2.297,True
681,21.755,1.113,116231.361,0.104,1.568,1.068,0.005,6.27,False
682,27.777,1.0,263166.336,0.104,1.826,0.328,0.306,1.007,True
683,16.468,1.07,140892.688,0.185,1.615,0.714,0.213,7.005,True
684,21.931,1.171,627634.777,0.113,1.023,0.673,0.247,8.201,True
685,22.553,1.075,240630.793,0.232,1.098,0.978,0.326,9.883,True
686,23.053,1.072,594787.162,0.064,1.712,1.044,0.241,7.669,True
687,25.038,1.139,568231.932,0.181,2.192,0.811,0.299,1.071,True
688,19.093,1.099,101580.825,0.146,1.693,0.476,0.29,2.459,True
689,20.279,1.184,408374.356,0.104,1.253,0.368,0.122,6.885,True
690,26.203,1.029,471378.911,0.131,1.366,0.254,0.048,9.345,True
691,26.073,1.153,555003.61,0.119,2.151,1.17,0.168,5.515,True
692,20.23,1.079,633330.72,0.226,1.773,0.761,0.23,7.307,True
693,22.952,1.094,147137.087,0.173,1.79,0.333,0.119,7.499,True
694,26.667,1.069,537139.245,0.201,1.477,0.906,0.211,7.222,True
695,17.979,1.122,612140.495,0.114,1.485,0.442,0.171,5.547,True
696,21.146,1.115,383418.114,0.103,1.167,1.156,0.26,5.31,True
697,25.341,1.067,406449.292,0.124,2.145,1.181,0.158,5.487,True
698,15.824,1.001,678254.446,0.162,1.5,0.551,0.303,9.514,True
699,27.078,1.197,645931.025,0.071,2.033,0.83,0.115,3.7,True
700,29.096,1.096,564113.371,0.142,1.804,1.158,0.238,5.966,True
701,24.573,1.096,224016.317,0.095,1.865,0.413,0.237,2.949,True
702,29.062,1.121,378932.82,0.085,2.086,0.398,0.273,4.447,True
703,15.628,1.074,477756.334,0.174,2.382,0.569,0.328,7.527,True
704,18.431,1.053,153136.58,0.05,1.511,0.959,0.039,3.781,False
705,24.197,1.152,372207.852,0.102,1.398,0.378,0.05,8.795,False
706,17.643,1.141,653280.888,0.133,1.628,0.802,0.3,8.06,True
707,23.697,1.128,637542.059,0.051,1.049,0.508,0.289,2.806,True
708,19.24,1.123,439450.685,0.209,2.167,0.29,0.269,2.736,True
709,16.828,1.147,465002.731,0.056,1.117,1.13,0.274,1.075,True
710,25.407,1.052,207643.98,0.2,1.74,0.968,0.089,3.322,True
711,17.383,1.108,414822.863,0.061,1.464,0.358,0.163,3.757,True
712,16.257,1.092,184017.559,0.212,1.771,1.197,0.119,7.231,True
713,16.399,1.013,653915.134,0.227,1.056,0.765,0.271,6.495,True
714,26.572,1.025,691701.541,0.216,1.677,0.915,0.166,9.174,True
715,25.579,1.138,266578.113,0.052,1.778,0.682,0.149,2.969,True
716,24.328,1.001,168617.576,0.089,2.154,0.253,0.005,7.585,False
717,16.439,1.006,261702.449,0.191,1.082,0.872,0.316,1.096,True
718,16.011,1.052,467108.389,0.129,1.334,1.183,0.146,2.934,True
719,29.042,1.006,359002.485,0.184,1.188,0.397,0.159,1.534,False
720,16.666,1.178,675622.039,0.119,2.325,0.542,0.017,8.711,False
721,20.915,1.165,322409.521,0.202,1.571,0.597,0.235,6.146,True
722,24.405,1.106,188951.937,0.171,2.193,0.833,0.308,4.499,True
723,27.248,1.114,127440.007,0.247,2.071,1.174,0.067,4.359,True
724,24.337,1.089,449799.119,0.243,0.983,0.88,0.179,3.562,True
725,18.448,1.137,232818.148,0.141,1.347,0.917,0.287,3.921,True
726,15.354,1.06,459021.408,0.111,1.423,0.742,0.185,4.623,True
727,27.725,1.151,290230.157,0.116,1.014,0.419,0.017,6.708,False
728,16.15,1.09,225238.018,0.095,2.339,1.023,0.14,8.828,True
729,28.704,1.107,560521.205,0.234,2.153,0.389,0.209,7.036,True
730,16.115,1.172,516896.485,0.155,1.357,1.053,0.104,1.172,True
731,21.779,1.12,412363.419,0.247,1.08,1.168,0.321,5.069,True
732,23.34,1.141,347479.015,0.217,2.036,0.498,0.031,1.754,True
733,16.808,1.017,172354.988,0.201,1.679,0.437,0.285,8.48,True
734,21.794,1.195,428506.577,0.215,1.615,0.9,0.282,3.461,True
735,18.865,1.122,663512.413,0.138,2.233,0.518,0.089,4.536,True
736,16.97,1.117,377732.77,0.123,2.087,1.166,0.04,8.345,True
737,17.832,1.159,160744.801,0.052,1.649,0.605,0.161,9.575,True
738,28.849,1.134,221576.447,0.082,2.202,0.769,0.238,9.951,True
739,20.16,1.184,663297.559,0.179,1.949,0.354,0.262,5.426,True
740,16.286,1.11,241530.786,0.224,1.581,0.244,0.097,2.854,True
741,19.497,1.049,291133.691,0.167,2.354,1.096,0.14,7.192,True
742,29.012,1.119,686224.094,0.205,1.605,0.398,0.265,9.464,True
743,27.651,1.137,481287.892,0.236,2.204,0.748,0.276,2.105,True
744,27.669,1.135,203021.752,0.243,1.249,0.809,0.116,4.142,True
745,22.232,1.084,598974.802,0.233,1.227,0.401,0.037,1.117,True
746,21.709,1.06,415949.599,0.103,1.063,0.609,0.232,1.79,True
747,15.255,1.047,588067.482,0.085,1.472,0.521,0.227,5.799,True
748,25.298,1.118,176625.672,0.121,1.367,0.26,0.31,3.926,True
749,25.99,1.187,113721.934,0.092,1.097,0.679,0.055,9.358,False
750,20.541,1.069,338574.969,0.235,1.194,0.95,0.087,9.93,True
751,26.582,1.003,576797.961,0.079,2.121,0.969,0.045,2.76,True
752,28.888,1.189,469939.479,0.2,1.155,0.321,0.116,6.539,True
753,24.593,1.074,191148.494,0.06,1.338,0.946,0.239,5.589,True
754,28.863,1.199,665441.133,0.199,1.372,1.083,0.071,2.724,True
755,18.256,1.139,202245.079,0.228,2.395,1.104,0.302,7.042,True
756,15.995,1.018,678695.733,0.204,1.25,0.309,0.109,9.648,True
757,25.748,1.15,226442.405,0.232,1.748,0.907,0.049,5.333,True
758,19.021,1.198,394177.158,0.167,1.595,0.639,0.248,5.281,True
759,27.564,1.049,453850.865,0.129,1.971,0.733,0.321,4.157,True
760,22.432,1.033,260646.433,0.057,1.228,0.471,0.123,7.201,True
761,24.349,1.015,493883.903,0.16,2.292,0.799,0.147,1.028,True
762,27.424,1.033,385650.901,0.221,2.253,0.926,0.313,7.638,True
763,24.479,1.072,571300.85,0.189,1.461,0.447,0.086,6.844,True
764,24.885,1.158,224477.276,0.183,2.246,0.544,0.156,7.78,True
765,22.654,1.18,490833.32,0.104,1.57,1.018,0.226,7.606,True
766,15.904,1.148,295246.541,0.194,2.331,0.764,0.261,6.339,True
767,22.731,1.196,494700.215,0.166,2.29,0.473,0.034,9.831,True
768,28.393,1.127,621828.487,0.13,1.636,0.697,0.275,4.303,True
769,17.15,1.096,491508.637,0.14,2.337,1.09,0.308,6.987,True
770,27.124,1.113,185014.883,0.091,2.043,1.121,0.277,2.985,True
771,27.411,1.124,375716.559,0.118,1.456,0.296,0.309,4.373,True
772,15.747,1.065,603382.627,0.156,1.133,0.807,0.073,7.988,True
773,19.937,1.08,296884.53,0.245,1.022,0.42,0.203,3.414,True
774,28.034,1.044,262342.623,0.207,2.2,0.97,0.208,2.015,True
775,20.908,1.189,281193.988,0.207,1.052,0.73,0.315,2.158,True
776,20.301,1.177,346865.911,0.162,1.357,0.529,0.229,4.836,True
777,23.613,1.186,692746.795,0.118,1.995,0.545,0.181,6.602,True
778,29.112,1.193,285378.026,0.141,2.111,1.028,0.27,5.351,True
779,29.743,1.028,304225.369,0.125,1.214,0.696,0.219,6.729,True
780,27.074,1.015,585573.44,0.136,1.479,1.161,0.012,6.66,False
781,21.879,1.062,593890.66,0.182,1.85,0.691,0.142,4.822,True
782,24.692,1.01,637742.574,0.234,1.344,0.69,0.301,5.756,False
783,17.093,1.02,482044.061,0.196,1.584,0.324,0.03,5.165,True
784,26.462,1.007,533215.826,0.059,1.89,1.041,0.06,7.447,False
785,29.394,1.058,536455.45,0.144,1.902,1.124,0.172,9.2,True
786,16.872,1.109,243126.383,0.152,1.598,0.882,0.083,6.153,True
787,26.205,1.174,643381.757,0.054,1.444,0.509,0.057,1.36,True
788,17.454,1.124,120144.943,0.161,2.04,0.685,0.011,1.011,True
789,27.993,1.094,460813.621,0.098,1.369,0.787,0.096,7.691,True
790,20.718,1.173,676287.677,0.092,1.749,0.361,0.319,1.681,False
791,21.996,1.174,337098.91,0.138,1.845,0.281,0.229,8.562,True
792,27.893,1.151,440300.57,0.163,1.33,0.831,0.322,4.457,True
793,25.1,1.022,283166.831,0.222,1.863,0.811,0.293,4.868,True
794,24.709,1.048,479846.771,0.185,1.244,0.99,0.05,7.904,True
795,15.206,1.054,385058.034,0.124,1.631,0.591,0.043,7.425,True
796,23.072,1.109,452259.787,0.233,1.534,0.34,0.055,4.221,True
797,24.995,1.141,672556.039,0.148,1.812,0.517,0.226,5.723,True
798,27.213,1.188,466296.25,0.084,1.176,0.984,0.318,1.762,True
799,24.306,1.173,455823.007,0.113,0.974,0.35,0.006,8.316,True
800,21.7,1.077,547474.896,0.12,1.605,0.61,0.17,7.416,True
801,25.732,1.009,664411.985,0.132,2.168,0.949,0.177,2.229,True
802,23.865,1.085,598232.14,0.22,1.297,0.465,0.191,5.249,True
803,29.24,1.173,617542.008,0.193,0.987,0.434,0.272,7.686,True
804,21.538,1.125,610582.347,0.231,2.208,0.468,0.255,5.296,True
805,24.007,1.106,569205.013,0.157,1.577,0.762,0.016,7.466,True
806,19.012,1.126,164237.317,0.058,1.619,0.86,0.183,3.266,True
807,21.666,1.105,245457.782,0.113,1.848,0.524,0.053,2.35,True
808,18.706,1.149,676826.466,0.211,1.433,1.11,0.22,2.977,True
809,19.709,1.031,169322.727,0.176,1.353,0.973,0.324,3.09,True
810,15.456,1.163,306655.589,0.055,2.345,1.028,0.144,6.218,True
811,23.259,1.024,689514.017,0.112,1.159,1.067,0.301,8.29,False
812,22.928,1.151,229954.772,0.162,1.026,0.452,0.221,6.584,True
813,24.111,1.09,532370.164,0.202,1.209,1.042,0.184,5.442,True
814,25.866,1.045,154414.923,0.247,1.651,0.64,0.122,5.434,True
815,15.491,1.11,238803.105,0.146,1.551,0.458,0.105,7.328,True
816,15.032,1.098,540841.752,0.102,1.558,0.718,0.305,6.015,True
817,23.755,1.122,505169.344,0.144,2.126,0.761,0.154,6.005,True
818,27.49,1.079,542378.839,0.206,2.299,0.563,0.246,3.293,True
819,24.979,1.135,322887.935,0.063,1.289,0.303,0.187,2.921,True
820,17.202,1.164,573628.562,0.196,1.105,0.801,0.328,5.26,False
821,29.591,1.164,311899.344,0.247,1.681,0.528,0.108,5.092,True
822,20.417,1.166,110736.701,0.144,1.656,0.794,0.331,1.439,True
823,29.899,1.012,137008.706,0.234,1.827,0.273,0.14,3.064,True
824,24.251,1.108,486732.8,0.052,2.261,0.459,0.252,8.187,True
825,24.828,1.11,122843.635,0.241,2.175,1.069,0.175,6.779,True
826,27.948,1.177,201737.106,0.188,1.756,1.092,0.068,4.446,True
827,24.222,1.156,635055.726,0.234,1.162,0.976,0.263,4.556,False
828,22.633,1.114,168183.865,0.119,1.647,1.118,0.197,9.234,True
829,21.721,1.051,330386.068,0.117,1.157,0.386,0.074,7.214,True
830,16.241,1.109,524840.068,0.208,1.361,0.951,0.233,6.205,True
831,18.052,1.104,355620.007,0.245,2.001,0.27,0.091,3.209,True
832,19.894,1.05,162808.827,0.085,2.177,0.416,0.24,2.17,True
833,22.479,1.035,690248.228,0.145,1.427,0.408,0.249,3.898,True
834,22.087,1.137,163168.312,0.051,1.348,0.364,0.319,4.111,True
835,16.605,1.071,268384.464,0.21,2.165,0.343,0.192,9.267,True
836,24.951,1.076,487169.869,0.176,1.78,1.146,0.185,6.8,True
837,23.806,1.189,158759.989,0.06,1.893,0.33,0.036,9.71,False
838,28.044,1.059,208878.289,0.173,2.304,0.449,0.197,8.998,True
839,19.191,1.134,482640.344,0.089,1.151,0.26,0.218,5.647,True
840,22.895,1.085,296135.053,0.193,2.245,0.659,0.185,6.069,True
841,16.182,1.021,490326.639,0.18,1.688,0.629,0.113,7.15,True
842,19.908,1.127,118743.821,0.213,2.396,0.865,0.189,6.048,True
843,28.308,1.007,573106.761,0.08,2.196,0.379,0.249,3.513,True
844,15.564,1.086,288610.191,0.098,1.389,1.016,0.078,7.564,True
845,17.544,1.022,574903.083,0.211,2.124,0.965,0.171,1.334,True
846,15.808,1.001,569142.546,0.226,1.874,0.575,0.168,2.127,True
847,28.172,1.194,254517.402,0.08,1.979,0.643,0.082,3.144,True
848,29.288,1.06,680395.031,0.183,1.852,0.738,0.053,3.196,True
849,29.729,1.101,178343.119,0.179,1.009,1.026,0.003,1.201,True
850,17.624,1.133,622478.761,0.239,1.883,0.531,0.26,9.589,True
851,20.409,1.196,150435.184,0.163,1.76,0.815,0.028,4.278,True
852,23.646,1.134,647557.886,0.244,2.046,1.005,0.257,4.136,False
853,25.954,1.025,670423.781,0.203,1.02,0.372,0.286,5.752,True
854,16.355,1.096,662186.877,0.077,2.147,0.268,0.023,1.573,True
855,29.345,1.077,201381.339,0.107,2.006,0.921,0.106,1.461,True
856,19.289,1.125,141644.376,0.24,2.007,0.864,0.294,8.434,True
857,20.031,1.063,371606.021,0.226,1.914,0.891,0.213,6.43,True
858,23.468,1.176,211929.127,0.221,1.446,0.702,0.012,8.668,True
859,18.558,1.117,110021.28,0.106,1.862,0.623,0.081,8.928,True
860,23.631,1.115,539204.824,0.16,1.809,0.552,0.168,7.475,True
861,29.331,1.034,159319.599,0.186,1.345,0.658,0.255,7.318,True
862,25.979,1.115,307269.958,0.07,1.877,0.394,0.311,8.148,True
863,27.6,1.065,369330.823,0.222,1.031,0.344,0.047,9.062,True
864,20.361,1.026,403408.595,0.242,2.25,0.999,0.007,8.816,True
865,29.55,1.099,639501.251,0.094,2.38,0.597,0.254,2.322,True
866,21.546,1.178,139762.664,0.095,1.689,1.01,0.053,5.406,True
867,26.158,1.08,319687.883,0.218,1.872,0.285,0.305,5.541,True
868,21.599,1.069,647068.021,0.192,2.189,0.354,0.181,5.82,True
869,24.232,1.071,170998.981,0.099,2.32,1.123,0.03,7.629,True
870,18.945,1.142,555517.576,0.107,1.095,0.416,0.301,4.387,True
871,17.639,1.012,297745.223,0.229,1.079,1.127,0.291,4.68,True
872,29.656,1.135,640952.798,0.137,1.092,0.594,0.138,2.418,True
873,27.882,1.072,378037.08,0.129,1.059,0.919,0.175,5.556,True
874,19.676,1.092,282726.882,0.096,1.946,1.046,0.205,8.338,True
875,27.008,1.145,545670.68,0.17,2.288,0.87,0.099,5.118,True
876,27.586,1.023,367550.773,0.204,1.046,1.049,0.071,8.233,True
877,20.123,1.175,583902.614,0.249,1.386,1.143,0.297,7.292,True
878,24.258,1.08,288178.753,0.189,1.378,0.741,0.085,1.519,True
879,16.445,1.165,650407.704,0.094,1.953,0.63,0.288,1.223,True
880,17.532,1.142,453026.451,0.08,1.87,0.727,0.108,7.697,True
881,20.21,1.171,180364.825,0.192,2.325,0.484,0.233,1.384,True
882,28.663,1.105,172710.07,0.237,0.961,0.535,0.029,7.26,True
883,15.98,1.054,169915.121,0.061,1.523,0.868,0.209,2.811,True
884,16.334,1.197,160195.288,0.088,1.23,0.3,0.259,9.77,True
885,19.167,1.098,380056.31,0.218,1.662,0.316,0.195,9.44,True
886,24.183,1.144,130892.167,0.245,2.269,0.967,0.307,2.783,True
887,15.886,1.101,377057.183,0.098,1.336,0.274,0.136,5.702,True
888,17.127,1.062,128133.697,0.127,2.026,0.366,0.193,9.154,True
889,26.239,1.161,563021.92,0.222,2.039,0.451,0.256,4.94,True
890,22.468,1.179,397972.067,0.083,1.758,0.929,0.272,2.392,True
891,23.064,1.167,323968.572,0.081,1.788,0.248,0.144,3.151,True
892,21.563,1.043,404611.282,0.086,1.713,0.653,0.057,3.276,True
893,21.124,1.12,496343.781,0.172,1.153,0.261,0.293,2.612,True
894,23.34,1.023,105921.566,0.146,1.493,0.567,0.07,4.652,True
895,15.179,1.053,246214.401,0.147,1.54,0.881,0.103,7.833,True
896,18.968,1.168,331196.46,0.092,1.294,0.626,0.322,8.866,True
897,17.795,1.068,438763.611,0.146,2.386,0.312,0.315,8.914,True
898,19.76,1.178,641266.884,0.216,2.108,0.971,0.264,4.334,False
899,28.09,1.132,447925.25,0.082,2.328,0.756,0.118,4.693,True
900,29.419,1.184,461526.77,0.155,1.818,0.705,0.037,6.67,True
901,17.144,1.144,462762.3,0.087,0.984,0.79,0.176,4.9,True
902,19.448,1.064,472218.072,0.078,2.274,1.145,0.203,8.276,True
903,22.586,1.016,548451.485,0.246,1.808,1.071,0.089,3.637,True
904,23.106,1.043,354681.773,0.155,1.83,0.888,0.075,4.011,True
905,25.809,1.106,514392.77,0.068,1.256,0.526,0.112,9.977,True
906,16.758,1.154,206967.997,0.078,1.232,1.14,0.313,4.03,True
907,20.473,1.108,314931.882,0.093,1.796,0.516,0.041,6.621,True
908,29.358,1.073,159920.077,0.231,1.593,0.937,0.073,3.619,True
909,15.117,1.094,153463.056,0.199,0.993,0.829,0.139,8.968,True
910,20.734,1.081,430229.108,0.13,1.008,1.174,0.217,4.705,True
911,26.024,1.187,199354.038,0.223,2.173,0.718,0.137,6.062,True
912,21.835,1.008,688652.277,0.056,1.415,0.722,0.184,7.495,True
913,27.396,1.087,283678.61,0.065,1.417,0.651,0.065,9.816,False
914,26.865,1.161,294775.325,0.203,1.586,0.409,0.068,4.688,True
915,23.71,1.141,504375.346,0.177,1.062,0.284,0.02,5.203,True
916,27.091,1.045,248191.835,0.237,1.654,0.81,0.134,5.496,True
917,24.765,1.12,405956.763,0.161,1.495,0.674,0.121,5.959,True
918,15.953,1.085,280120.876,0.154,1.342,1.108,0.188,1.15,True
919,28.289,1.189,483250.916,0.071,1.119,0.927,0.006,3.857,False
920,20.649,1.136,609404.251,0.121,1.89,0.931,0.099,5.358,True
921,28.433,1.164,155453.291,0.158,1.652,1.113,0.104,9.17,True
922,20.11,1.167,527154.959,0.062,1.125,0.391,0.013,6.64,False
923,16.368,1.124,407632.471,0.087,2.024,0.613,0.291,9.85,True
924,23.243,1.037,100081.271,0.114,2.358,0.996,0.293,6.446,False
925,15.853,1.017,680910.579,0.218,2.348,0.453,0.027,9.129,True
926,27.965,1.005,191619.195,0.195,2.309,0.392,0.042,5.225,True
927,15.32,1.02,674271.843,0.061,1.024,0.376,0.244,8.621,True
928,15.078,1.101,225819.527,0.22,1.29,1.086,0.171,3.546,True
929,29.183,1.03,259569.536,0.079,2.259,0.313,0.114,9.077,True
930,15.126,1.102,232047.014,0.23,2.272,0.856,0.198,4.193,True
931,19.065,1.02,556835.81,0.206,1.697,0.636,0.08,9.62,True
932,29.834,1.039,607871.881,0.142,1.591,0.478,0.017,3.829,True
933,15.637,1.073,630184.158,0.103,2.181,0.433,0.193,4.778,True
934,22.151,1.06,625985.973,0.138,2.096,0.548,0.298,8.047,True
935,27.386,1.022,499081.712,0.145,2.335,0.452,0.232,7.486,True
936,25.758,1.028,582037.213,0.065,1.37,0.691,0.224,1.157,True
937,23.779,1.072,239381.002,0.24,0.978,0.788,0.295,1.804,True
938,20.955,1.188,553285.996,0.111,2.103,1.037,0.315,1.523,True
939,18.607,1.128,562419.544,0.081,2.048,0.958,0.013,7.829,False
940,23.027,1.068,313821.579,0.128,2.334,0.317,0.176,8.026,True
941,22.8,1.054,557224.175,0.118,2.11,0.735,0.138,4.608,True
942,15.249,1.071,183714.304,0.232,1.084,0.646,0.19,7.182,True
943,20.972,1.07,188202.211,0.131,1.11,0.358,0.308,8.499,True
944,18.135,1.017,384909.463,0.142,1.262,0.839,0.001,3.501,True
945,29.376,1.192,374667.535,0.108,2.045,0.819,0.195,8.747,True
946,20.777,1.035,238243.033,0.087,1.067,0.755,0.269,9.016,True
947,21.631,1.188,519812.115,0.099,1.507,1.003,0.064,5.835,True
948,21.847,1.165,486249.235,0.17,1.974,0.56,0.28,7.948,True
949,20.576,1.102,316811.79,0.129,2.252,0.476,0.174,4.723,True
950,19.951,1.156,287030.754,0.181,2.353,0.335,0.323,1.293,False
951,16.63,1.184,602050.444,0.22,1.332,0.515,0.225,8.145,True
952,17.736,1.062,534460.966,0.145,2.347,0.839,0.298,3.721,True
953,16.919,1.043,327567.453,0.153,1.518,0.587,0.301,5.036,True
954,19.783,1.011,485794.801,0.124,1.284,1.2,0.138,7.95,True
955,22.949,1.101,344170.58,0.113,2.378,1.177,0.289,8.225,True
956,22.517,1.139,253092.054,0.202,1.854,0.435,0.234,1.287,True
957,24.559,1.15,434272.555,0.108,1.725,0.325,0.256,8.526,True
958,15.581,1.159,451758.304,0.222,2.344,1.192,0.262,8.106,True
959,24.54,1.171,693706.024,0.067,2.288,0.981,0.127,5.991,True
960,28.975,1.175,390757.371,0.235,0.993,0.778,0.251,1.36,True
961,23.888,1.029,464309.197,0.177,1.934,0.852,0.304,4.037,True
962,24.17,1.051,199771.366,0.2,1.646,0.491,0.263,2.213,True
963,21.427,1.195,275532.061,0.148,1.597,0.446,0.129,8.956,True
964,28.637,1.083,558129.424,0.138,2.191,0.711,0.288,3.766,True
965,20.434,1.067,195208.999,0.121,2.043,1.165,0.161,4.002,True
966,19.878,1.029,471419.641,0.217,1.509,0.539,0.239,2.437,True
967,24.51,1.129,131481.181,0.102,1.701,1.137,0.256,9.58,True
968,22.761,1.116,616686.413,0.06,2.357,0.652,0.328,8.093,True
969,17.959,1.183,541911.288,0.127,2.364,0.469,0.283,6.163,True
970,23.724,1.036,608659.575,0.057,1.608,1.045,0.216,8.597,True
971,24.138,1.044,468714.71,0.125,1.403,0.911,0.097,6.674,True
972,18.23,1.016,398330.843,0.201,2.277,0.579,0.046,8.166,True
973,27.831,1.032,442015.465,0.095,1.2,0.686,0.24,7.718,True
974,25.627,1.135,448162.042,0.151,2.09,0.511,0.278,8.123,True
975,21.466,1.188,364897.853,0.159,2.049,0.736,0.014,9.489,False
976,23.848,1.182,539106.534,0.134,1.898,0.753,0.028,5.667,True
977,28.352,1.011,392868.936,0.208,1.788,0.722,0.297,7.512,True
978,19.82,1.105,316536.46,0.175,2.299,1.166,0.066,1.854,True
979,22.85,1.121,602793.88,0.11,2.306,0.6,0.308,8.26,True
980,16.796,1.064,632310.315,0.215,1.487,0.833,0.198,1.255,True
981,28.784,1.064,344457.195,0.165,1.625,0.565,0.204,4.578,True
982,28.514,1.159,258851.747,0.15,1.191,0.436,0.076,1.046,True
983,24.962,1.131,249286.089,0.141,1.622,0.948,0.332,8.687,True
984,25.518,1.196,106136.969,0.062,1.726,0.483,0.232,1.244,True
985,19.751,1.095,509049.444,0.187,1.146,0.909,0.15,3.009,True
986,21.904,1.173,272821.702,0.13,1.03,0.709,0.11,1.215,True
987,25.829,1.153,551733.573,0.17,2.31,0.427,0.33,8.128,True
988,22.971,1.082,527497.12,0.088,2.105,0.505,0.21,4.088,True
989,25.192,1.17,523374.126,0.121,2.209,1.13,0.288,6.402,True
990,26.794,1.058,450145.07,0.096,1.696,0.298,0.243,8.081,True
991,25.019,1.002,210114.835,0.141,1.767,0.673,0.195,6.196,True
992,18.83,1.061,619052.398,0.245,1.907,0.541,0.148,1.512,True
993,16.528,1.068,589218.978,0.122,1.161,0.308,0.277,1.835,True
994,20.701,1.05,298224.154,0.203,1.561,0.336,0.101,9.535,True
995,20.254,1.117,223226.135,0.124,0.967,0.269,0.1,5.505,True
996,25.117,1.173,497867.636,0.148,1.663,0.744,0.026,9.751,False
997,26.399,1.04,181232.126,0.174,1.426,0.737,0.273,2.886,True
998,17.807,1.143,332087.111,0.101,1.67,0.701,0.212,7.854,True
999,16.928,1.185,445941.247,0.057,1.434,1.16,0.06,7.455,False
1000,21.918,1.045,577946.274,0.176,1.924,1.007,0.129,6.97,True
