sim_id,n_steps,e_pod,e_pod_final,e_pod_max
0,69,0.1468475510077162,0.42097720734070326,0.42097720734070326
1,61,0.12565168272229607,0.2892344024512237,0.2892344024512237
2,61,0.0862512850404338,0.1315864040923874,0.1545347805937902
3,31,0.05653345698046235,0.06319589692059029,0.1304214175695885
4,31,0.06899952158389643,0.0911336123607435,0.1304214175695885
5,41,0.08562850687121916,0.09885382670523389,0.14234122262345894
6,21,0.053191947151834326,0.05948928411008045,0.1304214175695885
7,69,0.11740286056065377,0.2900437475961116,0.2900437475961116
8,69,0.17778130796418615,0.6706864348324424,0.6706864348324424
9,61,0.09503111313102991,0.20322938037510174,0.20322938037510174
10,69,0.11261160181715431,0.23503918735731105,0.23503918735731105
11,41,0.06470672277537683,0.1044436915930165,0.1304214175695885
12,41,0.06811128552829543,0.09466655838925928,0.1304214175695885
13,69,0.16339236123825585,0.4948117799490985,0.4948117799490985
14,69,0.10208027728311456,0.2369099968302253,0.2369099968302253
15,69,0.1575298624546567,0.3912463965507766,0.3912463965507766
16,41,0.0668463522719104,0.09083973108860069,0.1304214175695885
17,31,0.07340764211900702,0.08996091742991673,0.1304214175695885
18,21,0.03801384291428953,0.03386946199791526,0.1304214175695885
19,69,0.16682751436082813,0.39625812143486894,0.39625812143486894
20,31,0.04651221457848459,0.05479406126653316,0.1304214175695885
21,51,0.0848021000835244,0.1317506996117039,0.1655399112888562
22,21,0.04548499518712154,0.054946436274967786,0.1304214175695885
23,21,0.05362021597246498,0.06409601782840549,0.1304214175695885
24,41,0.07891860040041979,0.11339425990460553,0.1304214175695885
25,69,0.12768581889210096,0.2794517095197872,0.28223634109032575
26,41,0.09317641569433073,0.1112316802646376,0.1304214175695885
27,61,0.11494384817992381,0.22254000541103333,0.25090632771241034
28,61,0.09801330522768607,0.14387273756270771,0.17350523652685587
29,61,0.10438150675875808,0.17496969008696234,0.17496969008696234
30,61,0.08725969427819003,0.15577121775463287,0.17006624748146645
31,61,0.10534010435632893,0.2851517593699649,0.2851517593699649
32,31,0.04923426479008392,0.06105100693121303,0.1304214175695885
33,69,0.12052354825267289,0.2084360438939189,0.21668979246490855
34,51,0.09083819786870188,0.14442173498606545,0.14512442070908801
35,31,0.04632847878250025,0.052345878283534986,0.1304214175695885
36,69,0.11300569112314016,0.21719676250925815,0.2767592419151153
37,21,0.03744340079085603,0.03922432852898038,0.1304214175695885
38,61,0.11066851727573054,0.23804828303325548,0.23804828303325548
39,21,0.04878755159050957,0.0573388730422003,0.1304214175695885
40,69,0.11726657067547705,0.22840750290413245,0.22840750290413245
41,21,0.06291546625728439,0.06816639152069577,0.1304214175695885
42,31,0.04974567899353018,0.0644889716682194,0.1304214175695885
43,41,0.07293469727071694,0.275990160304643,0.275990160304643
44,69,0.11516705662114193,0.25233059330595226,0.25233059330595226
45,69,0.10251688069510254,0.27726289034102286,0.27726289034102286
46,61,0.09699303155430822,0.1790818711878776,0.22856995665346466
47,21,0.03172328882847437,0.034997198632661035,0.1304214175695885
48,41,0.07573510313662604,0.24208381834768158,0.24208381834768158
49,69,0.1120532404035986,0.17646671258207386,0.23213207506988232
50,21,0.04287934681340296,0.046886920280375284,0.1304214175695885
51,69,0.13297007283386106,0.2740116474454276,0.2740116474454276
52,21,0.026826589837781148,0.025921009510357675,0.1304214175695885
53,61,0.11926229164830573,0.2258021545003873,0.26022257549164296
54,41,0.07035010935054954,0.09366581543352519,0.1304214175695885
55,51,0.09883453994397352,0.15892401038988055,0.16940201175206848
56,21,0.05296683960060269,0.06460181655475311,0.1304214175695885
57,41,0.08011056751106076,0.09115099179710988,0.1304214175695885
58,41,0.08496012458348294,0.14958224609263823,0.1627676347809722
59,51,0.07445086102731831,0.12049025585138379,0.1304214175695885
60,41,0.07313563216195382,0.09488323452632144,0.1304214175695885
61,31,0.06608361710090274,0.07423740656844209,0.1304214175695885
62,61,0.1201731562685976,0.18082624533282862,0.3271326753108912
63,41,0.08034774431655164,0.10703983110769819,0.1304214175695885
64,31,0.05806561989158414,0.06509496981695415,0.1304214175695885
65,51,0.08368341836531724,0.11811094369735535,0.1304214175695885
66,41,0.05785341057300549,0.07888486936238445,0.1304214175695885
67,69,0.19225334842312197,0.6179313124707376,0.6179313124707376
68,21,0.0529351582160354,0.059811119547312455,0.1304214175695885
69,51,0.08304524117134633,0.14539717882612324,0.14539717882612324
70,69,0.1143799061090588,0.27538372238728415,0.27538372238728415
71,61,0.10861963049314194,0.21860327132619717,0.21860327132619717
72,31,0.04841395485596896,0.062165169290860994,0.1304214175695885
73,61,0.08540069522675797,0.1240582775103525,0.14965486850908025
74,51,0.08628771926338775,0.16090487158056946,0.1626609534896128
75,31,0.048930218788213804,0.06136242514949113,0.1304214175695885
76,61,0.1002280359857208,0.23027278782804284,0.23027278782804284
77,69,0.12571841610288315,0.3022473250820882,0.3022473250820882
78,61,0.11159103560208922,0.21332560880364573,0.2303414450847077
79,51,0.0862841945126044,0.12176537588534485,0.14137448328035798
80,31,0.05762256743351836,0.06351351269833119,0.1304214175695885
81,21,0.03474564634087991,0.030473370402388542,0.1304214175695885
82,69,0.12756582273309064,0.2549526263819303,0.2549526263819303
83,31,0.05823430599949765,0.07587907227226526,0.1304214175695885
84,21,0.05163679435566341,0.05978348227756229,0.1304214175695885
85,21,0.05816423349750049,0.05473599427053028,0.1304214175695885
86,69,0.10444851128545306,0.24440100770151685,0.24440100770151685
87,61,0.13558923036650478,0.22039780901044587,0.35081801756872755
88,31,0.046455487765464834,0.05336397401711878,0.1304214175695885
89,69,0.12424837288392625,0.21017680548526513,0.23841938923569325
90,41,0.06658231891055899,0.10906153679812862,0.1304214175695885
91,69,0.13776167731132444,0.2762340559833325,0.30814043508973554
92,69,0.13832636712083,0.38054344452530453,0.38054344452530453
93,31,0.04531470135106557,0.05314943427983935,0.1304214175695885
94,69,0.1404336329681379,0.37288098841291595,0.37288098841291595
95,51,0.07676308819476745,0.10180838372417385,0.1348831462087676
96,61,0.11897191661858604,0.19972219299590632,0.21851683392546298
97,41,0.07024781453430973,0.10047996383833734,0.1304214175695885
98,69,0.1492866756965603,0.2670357234849691,0.27773802266895414
99,51,0.08851425382557976,0.13870262251147145,0.16328527107720656
100,21,0.05596902935838574,0.059888507480727035,0.1304214175695885
101,61,0.10571818158497985,0.14014992756165398,0.26110185365647176
102,63,0.13845559337174906,0.30185231663690687,0.32897355868948697
103,21,0.031855533435695714,0.028218670016442286,0.1304214175695885
104,51,0.09546336562406857,0.13415370302093954,0.168381149576157
105,51,0.08133040355567495,0.10087356534780859,0.1354642607702139
106,61,0.1409249706478682,0.19647240642560637,0.2696713546318474
107,21,0.036954095535585166,0.03580224317609372,0.1304214175695885
108,51,0.07161809952788147,0.10021189245509894,0.1304214175695885
109,69,0.12057163947799109,0.3215308307302955,0.3215308307302955
110,31,0.057108182592244996,0.06882939787170281,0.1304214175695885
111,31,0.051689589842006785,0.057102654032057214,0.1304214175695885
112,41,0.06870469812104853,0.08778586942883083,0.1304214175695885
113,61,0.09895264379581155,0.17558250906532202,0.17558250906532202
114,51,0.08031163783147108,0.10284787644745465,0.1397960106825803
115,21,0.04754220822141748,0.054386258492052975,0.1304214175695885
116,51,0.08537096715707068,0.18528853587677394,0.18536403138248383
117,69,0.11736142675521258,0.21839594892369585,0.22681932789288858
118,31,0.05450923286390132,0.07031466941954521,0.1304214175695885
119,41,0.06800613002981536,0.09903764801095614,0.13741462795501402
120,61,0.1275951966738065,0.1976288734949296,0.34958550198280725
121,41,0.06795951079504202,0.07300364824497815,0.1304214175695885
122,51,0.09748118941813624,0.12758804205520666,0.18252767847899784
123,41,0.06690440082754974,0.08912132660638525,0.1304214175695885
124,41,0.06063518415741668,0.08599394732585147,0.1304214175695885
125,61,0.09982386743920606,0.13145565312670807,0.17444336110010708
126,41,0.09616467304127849,0.1515089479818472,0.1515089479818472
127,41,0.05396500635037724,0.08829278750202106,0.1304214175695885
128,51,0.08693653063752674,0.12882277742016165,0.1775224680790404
129,21,0.06803984162258256,0.07411808752794091,0.1304214175695885
130,61,0.146086297202959,0.18840203357367358,0.31307976525267356
131,41,0.06784258022410936,0.09920923120160226,0.1304214175695885
132,41,0.07383226729241538,0.09873685745652108,0.1304214175695885
133,21,0.046306245067047114,0.043212034585862445,0.1304214175695885
134,41,0.08610537507660435,0.1701430846987989,0.1701430846987989
135,61,0.09849626047493444,0.16582727587577378,0.19664119377082653
136,51,0.09409261252401789,0.12931904544045875,0.16099720353330219
137,69,0.17329443648431023,0.3092871555651857,0.46838314929319097
138,61,0.10207905697749997,0.15222233885616268,0.17283055647075704
139,41,0.08073007384091048,0.2097296593520444,0.2097296593520444
140,31,0.07017986056668721,0.13970326438658273,0.13970326438658273
141,51,0.08028383146377441,0.09501917459673614,0.1304214175695885
142,41,0.0699265680070103,0.09748438171528268,0.1407679594381659
143,31,0.06714348155247743,0.0803504374402937,0.1304214175695885
144,61,0.10033217710793217,0.1997171474104005,0.1997171474104005
145,69,0.13402820067892654,0.2875665987959195,0.2875665987959195
146,21,0.03525585323871235,0.03386466383432666,0.1304214175695885
147,31,0.04840106413344152,0.05627152326007401,0.1304214175695885
148,51,0.11309554918768566,0.12528483885904917,0.1715783751230059
149,21,0.030334633277324847,0.02901324714336272,0.1304214175695885
150,51,0.13620090632783888,0.22002749432898516,0.2207750281949287
151,41,0.08057417095704689,0.09028366157134605,0.1304214175695885
152,61,0.09562659886578795,0.19782756715145194,0.20558443635517654
153,51,0.10173973478837253,0.15671865845078164,0.16034375112687818
154,51,0.07169590295683329,0.09071254445523708,0.1304214175695885
155,51,0.10838112864699312,0.20871816777662053,0.20871816777662053
156,41,0.0752363256843017,0.08218497440810488,0.1304214175695885
157,21,0.04366914816932103,0.048732744820912506,0.1304214175695885
158,31,0.07633845516243008,0.08857872187315703,0.1304214175695885
159,21,0.04904137718202393,0.05843656639932891,0.1304214175695885
160,51,0.10667153705812783,0.13639342152062076,0.16034525394238977
161,61,0.08748593551400116,0.16576441039581663,0.16576441039581663
162,21,0.0659294413605813,0.08046911170955441,0.1304214175695885
163,41,0.0750448712841579,0.10991866183614377,0.1304214175695885
164,21,0.048094706982345053,0.05190214020584752,0.1304214175695885
165,31,0.0723350872459684,0.1337088387459673,0.13637486506863117
166,69,0.12721376792980824,0.2040038353350562,0.24860367695425842
167,31,0.04638490363934208,0.05005278913730664,0.1304214175695885
168,21,0.05767783314515012,0.06552483203615805,0.1304214175695885
169,69,0.11289248308239862,0.20568021388923277,0.21839679696423636
170,21,0.03968877761360194,0.04049871380861805,0.1304214175695885
171,41,0.06993395143305675,0.08385159024029967,0.1304214175695885
172,69,0.12009708401828467,0.3307143683688577,0.3307143683688577
173,61,0.09462617321783014,0.14908461460580472,0.17110256704185375
174,61,0.09583106579710993,0.16832136163265246,0.18604351791593085
175,21,0.04007591953970514,0.0399607780617302,0.1304214175695885
176,69,0.10601352093183616,0.24967256435127166,0.24967256435127166
177,41,0.0793316833538827,0.095780713440825,0.1304214175695885
178,41,0.07597243763023301,0.07914670662702529,0.1304214175695885
179,69,0.16892154867107378,0.38371269163608224,0.38371269163608224
180,69,0.10318080535649299,0.1868765648945778,0.23011130542372552
181,51,0.09669415838450716,0.15661666715077213,0.18635960189316073
182,69,0.12015143300311773,0.2561998990383885,0.26159725954566093
183,31,0.06602163226312853,0.07211526544798791,0.1304214175695885
184,31,0.06157961701979333,0.07709257990977074,0.1304214175695885
185,41,0.07943829985079955,0.11411192947047448,0.1304214175695885
186,21,0.06658187780665714,0.07897284760186567,0.1304214175695885
187,21,0.04074177558777735,0.038776193351562994,0.1304214175695885
188,69,0.1533855344632717,0.2982150141605955,0.2982150141605955
189,21,0.05910558485055161,0.07055727973559235,0.1304214175695885
190,69,0.13982544594318994,0.36273141465756276,0.36273141465756276
191,69,0.20767244215673183,0.8674990841052639,0.8674990841052639
192,51,0.08220468171022613,0.1208621712024307,0.1481083535633398
193,41,0.06832859695117896,0.08690664180354948,0.1304214175695885
194,69,0.13321551682847912,0.2674315328361836,0.3093339876127583
195,51,0.07663260287026975,0.09989685071770886,0.1304214175695885
196,51,0.08787910777869193,0.11707942538303324,0.13548098585391657
197,51,0.08850520312454907,0.12205510348580967,0.15222383360529415
198,31,0.06000040107225012,0.08180940164097694,0.1304214175695885
199,21,0.04025018712424591,0.03884430285744509,0.1304214175695885
200,69,0.12062528991115257,0.1952645071545143,0.28662026366671356
201,61,0.16418136711264672,0.3114304508748264,0.31751195327812337
202,31,0.057387574575814296,0.07409157988052545,0.1304214175695885
203,41,0.07876670827307028,0.13048378557826124,0.13048378557826124
204,31,0.04803402596090553,0.052334655863569786,0.1304214175695885
205,31,0.06144798601209645,0.06952784567065075,0.1304214175695885
206,41,0.08282283464876034,0.09300794764519034,0.1304214175695885
207,41,0.06577351209557745,0.07881052447223971,0.1304214175695885
208,69,0.09046839239181874,0.185812714327155,0.19074522225411478
209,21,0.03291123278630423,0.039068163246742144,0.1304214175695885
210,31,0.045237191918044393,0.051375228566388674,0.1304214175695885
211,31,0.06051196955036483,0.07113834043543693,0.1304214175695885
212,31,0.0578430482586215,0.06433761947163356,0.1304214175695885
213,21,0.05168521213379703,0.05760267087363269,0.1304214175695885
214,51,0.07394819508100009,0.10855608397078555,0.1304214175695885
215,51,0.08068111915255716,0.11650480465404238,0.1304214175695885
216,41,0.07882437212351358,0.11737052580512766,0.1304214175695885
217,51,0.08435312373393174,0.11257499337378465,0.13459686081421757
218,41,0.07269482816025534,0.08516408522124957,0.1304214175695885
219,21,0.03383214854609554,0.03716092132660284,0.1304214175695885
220,61,0.12724917768033767,0.3411942675587967,0.3411942675587967
221,51,0.1217015115272657,0.23100860168388754,0.23246802060418523
222,51,0.08658322012259613,0.12026430476228146,0.13454731915251888
223,31,0.06219600105772881,0.07571560381910954,0.1304214175695885
224,69,0.1029731999542389,0.2237682696274164,0.2237682696274164
225,31,0.05813622944722849,0.06611299912699967,0.1304214175695885
226,51,0.08883590711234263,0.10520180595122659,0.13589168862447434
227,21,0.05273420782766246,0.06081086522335884,0.1304214175695885
228,69,0.13886641649353826,0.28487896572339866,0.28487896572339866
229,69,0.14194053447663726,0.2858354659164554,0.2858354659164554
230,51,0.06982394720684008,0.11437826086317299,0.1304214175695885
231,21,0.06973936598162796,0.07857126842853082,0.1304214175695885
232,51,0.08222989905538805,0.14680670836260246,0.1469581316822896
233,21,0.050120723647999875,0.061521559129400945,0.1304214175695885
234,61,0.10842422162256121,0.21414673142519233,0.21414673142519233
235,31,0.057889158580356856,0.07077650597737199,0.1304214175695885
236,51,0.09064094645764485,0.13704053218049725,0.15070424846427077
237,69,0.12990828709705407,0.26602883410915207,0.26602883410915207
238,21,0.03954296388516715,0.04962404956087366,0.1304214175695885
239,69,0.12043033828679152,0.22780858528715417,0.22926856730766063
240,31,0.049363581674365185,0.05574171683175046,0.1304214175695885
241,51,0.09437965231365833,0.15805118370064564,0.19928320354139253
242,51,0.0870786918963691,0.15209046896473913,0.15330094142268108
243,21,0.038209785942674886,0.036005133476020086,0.1304214175695885
244,31,0.061211464743243474,0.07437734491191965,0.1304214175695885
245,61,0.12069706081184392,0.21904384022303014,0.2400380728230773
246,21,0.04240916380642118,0.04697636837330141,0.1304214175695885
247,61,0.10730832770628343,0.18380438110803646,0.3470161465731765
248,61,0.12383035769271446,0.19140667621334823,0.2053552664091451
249,61,0.1014968430300851,0.18154010043089902,0.202059240653925
250,61,0.09283931315904259,0.18920070925536103,0.18920070925536103
251,21,0.031074035267578008,0.031880460816435446,0.1304214175695885
252,51,0.08304552817654855,0.13615614160874537,0.1932675679816341
253,31,0.06572300897107572,0.0821542490819249,0.1304214175695885
254,69,0.1287369249487781,0.28480240319264,0.28480240319264
255,51,0.08013326240157953,0.13117819172726058,0.1312958630805272
256,51,0.07899690278795127,0.1316988254882112,0.13880117061700684
257,61,0.11049721265380004,0.18463750195305365,0.19423844920710265
258,61,0.0993062300732566,0.13586380250484753,0.1732330233235773
259,69,0.11112586083740698,0.2210741536860424,0.2210741536860424
260,31,0.0462092624007009,0.07387850602032148,0.1304214175695885
261,21,0.043923592528924825,0.05080929953204394,0.1304214175695885
262,41,0.0650706988678989,0.08618833373823409,0.1304214175695885
263,69,0.12995231227669882,0.2791216123038784,0.2791216123038784
264,51,0.09485606263135998,0.1498840979200404,0.22526265463695372
265,41,0.06339629836479202,0.08960801151808526,0.1304214175695885
266,51,0.07770345009521354,0.10003757086552402,0.14184105343675338
267,21,0.03938365049200217,0.040797537228476614,0.1304214175695885
268,31,0.03825952848082562,0.04511449088828265,0.1304214175695885
269,41,0.08999910261120732,0.10330408975724743,0.1304214175695885
270,69,0.11447858291309625,0.28490863736901856,0.28490863736901856
271,21,0.05142113427122467,0.054277413366895816,0.1304214175695885
272,51,0.07627745267442106,0.10607608763142579,0.13764521286954998
273,31,0.060781176617919964,0.06935052641376767,0.1304214175695885
274,51,0.09720062469188644,0.1538422425245237,0.18270179005280374
275,31,0.052894934750962186,0.06549037470910041,0.1304214175695885
276,21,0.06972575462795018,0.07667806105729369,0.1304214175695885
277,69,0.16170621055001075,0.43203654913765155,0.43203654913765155
278,31,0.08132629471265364,0.0968078318388989,0.1304214175695885
279,41,0.07268597514963207,0.09745052962732664,0.1304214175695885
280,41,0.06737313669394068,0.10187422945246688,0.1304214175695885
281,61,0.11761886521567223,0.21567832031144,0.22233588711057564
282,41,0.0692979905437549,0.1048828083681344,0.1304214175695885
283,51,0.09607515998393644,0.14131009192724509,0.1486885627596876
284,31,0.057225620013532895,0.0619833282245171,0.1304214175695885
285,61,0.11585308038073248,0.21120856758994186,0.26658824394541925
286,31,0.05612589764403757,0.06149285117319779,0.1304214175695885
287,61,0.10992481250986316,0.21546285935648618,0.21546285935648618
288,41,0.10296183415362375,0.1026887820791424,0.1304214175695885
289,69,0.13197498159482948,0.22685644417449524,0.28385874648225845
290,21,0.0828300136157124,0.08825755159003733,0.1304214175695885
291,21,0.04985674886930499,0.05496563135688137,0.1304214175695885
292,61,0.11309506384735714,0.23296345142943486,0.2549054328940384
293,31,0.05928680180616625,0.06774710473074481,0.1304214175695885
294,31,0.07440837845819166,0.09147780305532215,0.1304214175695885
295,61,0.10010449420009845,0.22943550418815806,0.22943550418815806
296,69,0.1314995005840352,0.28312447680177344,0.28312447680177344
297,31,0.05263376080285796,0.06423135031423713,0.1304214175695885
298,69,0.17591551853925713,0.6253782490741405,0.6253782490741405
299,41,0.07714683004942727,0.1006516073142096,0.1304214175695885
300,69,0.1105115069992845,0.2411178249570976,0.2411178249570976
301,51,0.07600527827283313,0.11159132134558712,0.1304214175695885
302,31,0.05631624475304981,0.06963010254436164,0.1304214175695885
303,61,0.09509245078772008,0.14269353653095962,0.18664248564796437
304,41,0.06771386236537838,0.0994066936760917,0.1304214175695885
305,61,0.11697349038393699,0.22410988031281417,0.22410988031281417
306,61,0.08917557961912131,0.13021791877482747,0.15227487036874243
307,31,0.054300998987049556,0.06395138089558855,0.1304214175695885
308,69,0.10165313291719406,0.2686996183037005,0.2686996183037005
309,21,0.03318555502054507,0.03756844214914855,0.1304214175695885
310,31,0.04871314999022265,0.05498902095030703,0.1304214175695885
311,41,0.08136251583878479,0.09675255952684864,0.1304214175695885
312,69,0.10640915139850321,0.17886019099130476,0.20736504591074548
313,41,0.07763442277069928,0.10835276602646496,0.1367190616646017
314,51,0.0878809946653771,0.14644294467089422,0.1477280893265087
315,69,0.12378858464672762,0.3005242612407708,0.3005242612407708
316,31,0.05937101892345952,0.06681262800536587,0.1304214175695885
317,61,0.11411298748654934,0.2144295222399864,0.24377189682114472
318,51,0.07674151923232099,0.13122450711044628,0.13122450711044628
319,61,0.0930022986045503,0.14257295122681699,0.14257295122681699
320,41,0.08382956944889379,0.12385732073661805,0.1304214175695885
321,21,0.0511804200224807,0.06316416929988418,0.1304214175695885
322,21,0.0476245868929925,0.04622026846648313,0.1304214175695885
323,51,0.08488404329926293,0.11920752887106634,0.14329667390869763
324,41,0.08917743069044229,0.21945958671976154,0.21945958671976154
325,31,0.05821989488972222,0.06256859456670173,0.1304214175695885
326,69,0.11957733959156346,0.29843837286472386,0.29843837286472386
327,31,0.08330869094445227,0.09901784324028125,0.1304214175695885
328,61,0.1112612307347702,0.1773872207838587,0.18937935480550427
329,69,0.13551723998515894,0.2522194057347339,0.2745987488184404
330,41,0.05417277780820951,0.07729962827401458,0.1304214175695885
331,51,0.09887756938237477,0.13935850347982956,0.17887160969046018
332,69,0.11392781657556605,0.302865050441075,0.302865050441075
333,51,0.0767164256967578,0.10126098821623979,0.1304214175695885
334,31,0.04318337624897824,0.04975945588122566,0.1304214175695885
335,41,0.07639098035863681,0.10538366390274612,0.15732839625131417
336,21,0.039557885418164206,0.042097149227255,0.1304214175695885
337,31,0.050904913689392456,0.058797409551888086,0.1304214175695885
338,61,0.1098607639429722,0.19678703309333614,0.19678703309333614
339,31,0.052390678060754176,0.05742311412200389,0.1304214175695885
340,69,0.10593542463320202,0.2556391816428125,0.2556391816428125
341,69,0.12445828700259684,0.3273976582651136,0.3273976582651136
342,41,0.08229080047832993,0.12875111646967122,0.1304214175695885
343,31,0.041705357227050745,0.050298801701969896,0.1304214175695885
344,69,0.13851796323821639,0.3133824544727412,0.3133824544727412
345,51,0.09348316287804984,0.155369244761641,0.155369244761641
346,41,0.07768542992449944,0.11283665265267721,0.1304214175695885
347,31,0.04933640041227203,0.05604649965183022,0.1304214175695885
348,31,0.055944038909355356,0.06151871594806758,0.1304214175695885
349,51,0.08699492478969406,0.1169036099968704,0.1565823288347405
350,69,0.11207693243171639,0.3289780817775881,0.3289780817775881
351,61,0.09223234667245256,0.16912982814121272,0.17920771107735037
352,69,0.1251879522662815,0.3065258643392256,0.31134708711810505
353,41,0.08455466595489954,0.12590747298070898,0.13226830087307762
354,31,0.07092679002573962,0.07253885352425228,0.1304214175695885
355,21,0.06074517214265455,0.06182401452959669,0.1304214175695885
356,61,0.11236544731882478,0.21260981790421057,0.23876231499706574
357,41,0.0813349774336708,0.11739175513980626,0.1603564405797283
358,51,0.08128249708488103,0.13542693241523718,0.17116078387592584
359,31,0.0822148908603874,0.12196775365309538,0.13309682047647792
360,61,0.11456511321393215,0.18091940242769244,0.20291256212295
361,51,0.08585859731721066,0.16440912782759864,0.1824872402239568
362,21,0.048068327683003904,0.05255144202383356,0.1304214175695885
363,61,0.08330818688023496,0.15753903175129544,0.15753903175129544
364,31,0.058960402813970886,0.06739692515532619,0.1304214175695885
365,21,0.0316176395063004,0.03641926804672813,0.1304214175695885
366,21,0.04788988892252352,0.044216042321904805,0.1304214175695885
367,51,0.09982444030706113,0.17367050962401426,0.17451969429680333
368,41,0.09994357615948408,0.1627613148265047,0.18151347445579108
369,21,0.04632313096204324,0.05219256020718525,0.1304214175695885
370,31,0.07819811698899413,0.09080728039356036,0.1304214175695885
371,21,0.06651124491554476,0.06979707154035546,0.1304214175695885
372,41,0.0813646181944383,0.10624581823271584,0.1304214175695885
373,31,0.049586237945607826,0.05947643313117343,0.1304214175695885
374,61,0.07580461996867952,0.1271301042441383,0.1304214175695885
375,21,0.030007762192823074,0.0255534991592413,0.1304214175695885
376,21,0.05248477766899645,0.05673546181779076,0.1304214175695885
377,41,0.11135119223913631,0.38177968566499226,0.38177968566499226
378,41,0.06730889443392203,0.0868864761989743,0.1304214175695885
379,21,0.04876602992063136,0.05369305943586149,0.1304214175695885
380,31,0.04182114698417477,0.05513905877849455,0.1304214175695885
381,21,0.042215707489095054,0.045429821364936694,0.1304214175695885
382,21,0.038041098294762085,0.03725200346261468,0.1304214175695885
383,61,0.1255401707978935,0.23507540336678315,0.25385635698609094
384,31,0.05444873102810096,0.06498865072568458,0.1304214175695885
385,41,0.06070011784754551,0.0685144928593603,0.1304214175695885
386,51,0.07596331614113033,0.10428899255859475,0.1304214175695885
387,69,0.12653774030148507,0.2074615186336541,0.2577961835827214
388,69,0.12472134024704275,0.2651638979950371,0.2651638979950371
389,51,0.07422793780884789,0.1042007395214801,0.1334007073979775
390,51,0.07546329352970818,0.10330515386534735,0.1304214175695885
391,51,0.08846956399654674,0.12123356361098171,0.18000221176396974
392,41,0.06251629312396854,0.07864877939590091,0.1304214175695885
393,31,0.06119136907918106,0.07648622119623308,0.1304214175695885
394,69,0.18637328388856142,0.8508050653169906,0.8508050653169906
395,61,0.10051720604284793,0.16250141826174594,0.17284130049428917
396,21,0.05030313448966531,0.04901011368258691,0.1304214175695885
397,31,0.06465028605277796,0.08636258100531664,0.1304214175695885
398,21,0.061176273266900075,0.07254611116674588,0.1304214175695885
399,51,0.08521339146338072,0.14807785456304204,0.15615058348271574
400,41,0.06806563203377147,0.08094396880912987,0.1304214175695885
401,31,0.04987843999090469,0.0576628963123037,0.1304214175695885
402,31,0.03918118213322364,0.04596738565989852,0.1304214175695885
403,41,0.07692217703230801,0.10095740636969931,0.1304214175695885
404,31,0.08520815034571175,0.09847154442322782,0.1304214175695885
405,31,0.07444392839923003,0.09319102348405348,0.1304214175695885
406,61,0.09071952041489915,0.15445819751879053,0.1713381781816189
407,51,0.08442008966936125,0.13802879549108468,0.18386407712593328
408,61,0.11306837321077474,0.24728684258999717,0.2505422134945739
409,69,0.1105864528509904,0.19973644517510167,0.19973644517510167
410,69,0.10654869582968456,0.17300399160616955,0.21507652516649478
411,61,0.13195558117083192,0.2128391163146907,0.2128391163146907
412,41,0.11830560897245612,0.19926919936417792,0.19926919936417792
413,61,0.09318194916609392,0.155347305073283,0.16062710069282712
414,31,0.07161754314458249,0.10578411894516382,0.1304214175695885
415,21,0.032652507382445115,0.0340052074562189,0.1304214175695885
416,69,0.14331089993091878,0.3356545075616406,0.3356545075616406
417,41,0.07997362041168678,0.12388511287716723,0.1304214175695885
418,21,0.05877623054998855,0.06423159958950471,0.1304214175695885
419,31,0.06358066115421011,0.06993317414743284,0.1304214175695885
420,61,0.10454342226522495,0.20045607555075615,0.20045607555075615
421,41,0.06998543413422297,0.1058014453536235,0.1304214175695885
422,21,0.04054079860820209,0.03991376324980652,0.1304214175695885
423,31,0.06263835623451337,0.08966018143293349,0.1304214175695885
424,61,0.10566183863442767,0.2038314066105858,0.23106709861248237
425,21,0.04143671635685701,0.037272591089044335,0.1304214175695885
426,41,0.07911274957898598,0.10977449218691536,0.1304214175695885
427,41,0.07486889370078695,0.10175283882399551,0.1304214175695885
428,31,0.05964639840079279,0.08295022391006017,0.1304214175695885
429,61,0.10423198773470421,0.1903656764136718,0.19517942976181918
430,21,0.05823955293086054,0.06556613580054513,0.1304214175695885
431,21,0.047710120183007076,0.059525086753110364,0.1304214175695885
432,21,0.07320072883773737,0.07462292251015805,0.1304214175695885
433,21,0.058252342747030846,0.06080264941205281,0.1304214175695885
434,69,0.14645191037452265,0.36137416067342976,0.36137416067342976
435,61,0.15939219887831207,0.4140705467655388,0.4140705467655388
436,61,0.10061533246192235,0.13442672509453926,0.1976729123753921
437,61,0.10346937481377845,0.20256236813479553,0.22061644645867642
438,51,0.08627174546244706,0.11333095436031963,0.1559649427501479
439,69,0.10437548091309591,0.2281790767531432,0.2281790767531432
440,21,0.06487455573878978,0.07856351487194914,0.1304214175695885
441,51,0.08770529028943244,0.1209698321942636,0.1638674496959378
442,69,0.10885098618817493,0.2884731282190291,0.2884731282190291
443,61,0.07858865405130626,0.12369073531663345,0.13699914814088812
444,61,0.12191300368996462,0.2680249297238467,0.2680249297238467
445,51,0.07775006562319484,0.09626074801892741,0.13250388090912557
446,61,0.10020235638515264,0.16855903790005836,0.20609631571873116
447,21,0.038725352181522635,0.041904846453209535,0.1304214175695885
448,61,0.10425403487232338,0.16650878786706447,0.199594116230927
449,69,0.1399863166828746,0.3741596449283547,0.3741596449283547
450,31,0.05762039946484416,0.06468503752053613,0.1304214175695885
451,61,0.0853559671848809,0.16053785084666414,0.16802582532160956
452,41,0.08082939236902188,0.10654437526989871,0.1304214175695885
453,69,0.10140285372560126,0.17395776153307288,0.17551383926686148
454,41,0.08090979542584467,0.12516574395965252,0.16100738044067808
455,21,0.04362900274100392,0.046145220265352414,0.1304214175695885
456,69,0.11623096775086106,0.2420405210348862,0.2420405210348862
457,61,0.10458785921308095,0.167304362723784,0.20028563703376934
458,69,0.12369233369044243,0.2819988706272031,0.2819988706272031
459,69,0.12514691559798455,0.275752649680063,0.275752649680063
460,51,0.0839285346094767,0.1297809439086572,0.14142574615892145
461,61,0.10216371628279546,0.1601330957389943,0.1817560782168911
462,51,0.09236021746986615,0.1520778849938782,0.16216871910284403
463,21,0.04188749629632309,0.03996834308025862,0.1304214175695885
464,61,0.10314586610932713,0.22234397837335443,0.2613436157263267
465,51,0.08658769450848365,0.12351409490693101,0.1308066770660699
466,41,0.0764765653703004,0.1118602331488945,0.15622599157707107
467,21,0.035359364288422186,0.04396005906812985,0.1304214175695885
468,41,0.0780666365465345,0.09670415287566413,0.1304214175695885
469,51,0.08850351612840827,0.15039856940887747,0.16237601824222542
470,41,0.0767515789034735,0.09708194755426505,0.14008205316884725
471,41,0.07201498280067252,0.10361162690732284,0.1304214175695885
472,21,0.05407530239881865,0.0633744596371215,0.1304214175695885
473,61,0.10835701581989009,0.16378752624267726,0.21484671173504752
474,51,0.09589200630329557,0.1509810505704578,0.18651184803175302
475,51,0.07717883959029331,0.1079164389331533,0.13203246077792866
476,41,0.0775438158107812,0.12168506249162651,0.1304214175695885
477,31,0.06322949888361455,0.07344521711045542,0.1304214175695885
478,51,0.07047427131648752,0.1042715417635058,0.1304214175695885
479,51,0.09553951673338944,0.13006077736383675,0.16683743730060166
480,31,0.05829181775297226,0.07284848490262995,0.1304214175695885
481,51,0.09062510870058726,0.1365190450287963,0.16195638158076858
482,21,0.05689874113661617,0.058019871159624405,0.1304214175695885
483,21,0.034879435513833844,0.04176997257279724,0.1304214175695885
484,61,0.10223005810845973,0.17995303476200436,0.18877907642258362
485,21,0.03896932736678543,0.04877528938323427,0.1304214175695885
486,61,0.09611459764220061,0.15143135837629967,0.18285752184938708
487,41,0.06831132569617246,0.11694677189383007,0.1304214175695885
488,21,0.06337166460955505,0.06643244028033936,0.1304214175695885
489,41,0.06850435411239496,0.0963976327953243,0.1304214175695885
490,31,0.06593721019993233,0.08909419141191723,0.1304214175695885
491,61,0.10495762591909895,0.16594005570180984,0.180923254340197
492,31,0.05491472918522086,0.06399806304784941,0.1304214175695885
493,61,0.07956336353122047,0.11479559147528859,0.1304214175695885
494,41,0.07272407284647928,0.12488841774643027,0.1304214175695885
495,69,0.0997072189418914,0.1779875922512264,0.1779875922512264
496,61,0.09985821594751569,0.15022317651640077,0.20177803640242048
497,61,0.0849600657394725,0.14718718732343844,0.16485953803289866
498,31,0.06463634137274016,0.07952539106194549,0.1304214175695885
499,21,0.05034139038063569,0.04729591089574424,0.1304214175695885
500,21,0.056329731465607165,0.058988884609196914,0.1304214175695885
501,61,0.12193933942291905,0.26406442273958103,0.26406442273958103
502,21,0.06580267904917961,0.07104387058681537,0.1304214175695885
503,51,0.09356019531007065,0.1576074145572018,0.15951116779086325
504,51,0.07289810425145679,0.11103619959205956,0.13954292558049158
505,61,0.10066093471182361,0.19239478101276872,0.22154375524586536
506,51,0.09399747286104612,0.13259520291396568,0.136764143960929
507,41,0.07182680252208154,0.08238409387120456,0.1304214175695885
508,61,0.09317611576213551,0.14649541447316408,0.1876955344727754
509,41,0.07975823455760289,0.08634260606602198,0.1304214175695885
510,21,0.03556029774842308,0.031735380559111875,0.1304214175695885
511,51,0.08447630481406229,0.12495058375626611,0.14405866852181734
512,41,0.09068055289206813,0.10707566394565769,0.1304214175695885
513,69,0.12062850715369614,0.2465261957625122,0.276433393419298
514,21,0.044232828240978427,0.045950548558438296,0.1304214175695885
515,51,0.09409419034397036,0.14097885040635233,0.17277778026058496
516,61,0.09408567393385858,0.16180475820727025,0.17918056436375565
517,61,0.0909223559120538,0.14619354062277057,0.18928360528148067
518,69,0.11142718694647892,0.24626461929728946,0.24626461929728946
519,21,0.04147243017079329,0.04787631212481882,0.1304214175695885
520,51,0.08560492130703726,0.12883605460706316,0.1304214175695885
521,21,0.03489456673924777,0.040876494326543805,0.1304214175695885
522,21,0.03328271270112653,0.03103320089257447,0.1304214175695885
523,41,0.0716545832698333,0.12742722956908842,0.1304214175695885
524,31,0.06829901700142842,0.08218933845989937,0.1304214175695885
525,69,0.1571837886885681,0.32106505808339897,0.32106505808339897
526,41,0.09035850124726624,0.11534383014627403,0.1304214175695885
527,21,0.042434229871540434,0.04116687715582681,0.1304214175695885
528,69,0.11136819260158341,0.16658271341851819,0.20669044327846983
529,41,0.0997950876061222,0.12408990233606977,0.1473038088151091
530,61,0.1262589955821263,0.23261696313708324,0.23261696313708324
531,31,0.05691312469902911,0.06454070451460091,0.1304214175695885
532,41,0.07389049886921234,0.08192890058287335,0.1304214175695885
533,31,0.06160219698791177,0.07353632718964587,0.1304214175695885
534,61,0.0938983622668325,0.16243782851941385,0.18650724272846628
535,21,0.03773565368716129,0.03394941503945754,0.1304214175695885
536,61,0.08231397262982355,0.15447452038291526,0.15447452038291526
537,41,0.0820471065012109,0.12882894195347375,0.13132884459979188
538,21,0.026198649784022403,0.02175706447737152,0.1304214175695885
539,51,0.08443848404350736,0.11418574778538955,0.1304214175695885
540,41,0.06285614325877664,0.10574200116277363,0.1304214175695885
541,41,0.07860206277393948,0.10917745064623609,0.1304214175695885
542,61,0.13409923692160566,0.2616507781860258,0.2616507781860258
543,21,0.04103298960930951,0.04765387895092508,0.1304214175695885
544,41,0.08914965355883028,0.09916273560559823,0.13710174251476906
545,61,0.1140498023993602,0.2006742735540369,0.2006742735540369
546,69,0.12276850977756384,0.27026857139923305,0.27026857139923305
547,31,0.05908469289173888,0.07328514832018726,0.1304214175695885
548,21,0.06718637415592611,0.0690180962709151,0.1304214175695885
549,41,0.06868163216589242,0.08015611407242003,0.1304214175695885
550,51,0.08251492640086874,0.12281140652356608,0.1304214175695885
551,51,0.08234681870229953,0.12352631824942562,0.1743991230400748
552,61,0.10658827531637802,0.16535964301791964,0.17855452676917724
553,41,0.076690315208633,0.14356683281690247,0.14356683281690247
554,31,0.06377021516980098,0.0827798991249307,0.1304214175695885
555,69,0.11418553117060734,0.2246270780314184,0.2246270780314184
556,21,0.05690383595987989,0.06091164572549589,0.1304214175695885
557,21,0.03430082698103882,0.04118550793150671,0.1304214175695885
558,41,0.0806453908523547,0.10123539921214562,0.1304214175695885
559,51,0.09735894459623815,0.13723889494856237,0.17344534492165645
560,21,0.06280681700713489,0.06899957611751346,0.1304214175695885
561,41,0.08617636799792512,0.09841941502594002,0.1304214175695885
562,51,0.1402537264982106,0.26847350478586895,0.26973944130228283
563,31,0.050050421749181576,0.077968771366082,0.1304214175695885
564,69,0.11040455004189292,0.20025766280454274,0.20589703026514825
565,41,0.05053819744885243,0.0701745600195497,0.1304214175695885
566,41,0.06126458611340317,0.1083675255334256,0.1304214175695885
567,31,0.05368299715205288,0.07606371789081925,0.1304214175695885
568,21,0.05135188254353037,0.05915662481197852,0.1304214175695885
569,61,0.12125914160005824,0.18855258766605493,0.1950519678817826
570,69,0.11687962685746901,0.2813775386594964,0.2813775386594964
571,69,0.12867153751436972,0.33309062511657583,0.33309062511657583
572,69,0.13704170039158575,0.25726762303919076,0.2858701878525859
573,51,0.10778600052453534,0.1615173843537183,0.16542688552273854
574,51,0.09751240445376261,0.16508639242886025,0.201284732214093
575,21,0.0486659369871119,0.05143801387501098,0.1304214175695885
576,31,0.06248875126430743,0.06542705353571017,0.1304214175695885
577,21,0.0677898659303812,0.06727959186629082,0.1304214175695885
578,61,0.10126220849233014,0.13849646096991738,0.17047865485658475
579,69,0.12735506682259373,0.2694248905451719,0.2803656841898909
580,69,0.1267736356962607,0.2630411067443527,0.2630411067443527
581,69,0.12168667404715983,0.20834426781266427,0.22397704633604015
582,61,0.11841925265293164,0.18073774894517936,0.21714930145747136
583,61,0.10276995263890173,0.14354787562259969,0.19124747247729038
584,31,0.06284200860482854,0.08865903104720647,0.1304214175695885
585,51,0.0827419221868848,0.1375972660148743,0.16481383017612422
586,21,0.039648747306367714,0.04857564106468435,0.1304214175695885
587,61,0.1023757891373248,0.17099860560554053,0.19208294549222174
588,31,0.07939489043093591,0.08345999819331136,0.1304214175695885
589,41,0.06391130951313426,0.07972563130971795,0.1304214175695885
590,61,0.1156852323916907,0.1932261200644648,0.23243468186024976
591,41,0.071914686312243,0.10494789968121719,0.1304214175695885
592,31,0.04670039763001687,0.05415757296607895,0.1304214175695885
593,51,0.11015642198926934,0.1438134006155131,0.17568890030317658
594,21,0.025065764589524604,0.021424219975083616,0.1304214175695885
595,41,0.08167027495835907,0.11097790116387184,0.1304214175695885
596,69,0.12025216425401576,0.2513511371150011,0.2513511371150011
597,31,0.0683003175345,0.10022169822417917,0.1304214175695885
598,61,0.12210437158316663,0.25139047365959544,0.27907145159516406
599,69,0.13407227276501352,0.2663607296429773,0.2663607296429773
600,69,0.1460113798050777,0.2880880261426696,0.32596016433676367
601,41,0.06430123237291456,0.0977674161096203,0.1304214175695885
602,51,0.08852455192273447,0.11478199003693423,0.1496000858072353
603,41,0.07220868493977564,0.16764260082645532,0.20385713987772727
604,69,0.1303257158688513,0.3423543457539272,0.3423543457539272
605,31,0.05066141987000448,0.062231492326297,0.1304214175695885
606,31,0.08832577956465142,0.10872827200516115,0.1304214175695885
607,31,0.05617951335208057,0.07485141323914038,0.1304214175695885
608,69,0.12460385292186786,0.24060494216629738,0.24060494216629738
609,31,0.05017286338323781,0.06842687491589583,0.1304214175695885
610,61,0.08853593827963806,0.1571496766912749,0.1633593725941953
611,51,0.07318091905733896,0.1292818286679673,0.1304214175695885
612,51,0.07529502228033524,0.13715639731524587,0.16183666730969304
613,69,0.13643587430506715,0.19819513780804213,0.2561744450842254
614,51,0.08668689128141531,0.13732793604388996,0.16660572980478405
615,41,0.0856039174946754,0.10862277413736753,0.13979368085621555
616,41,0.08414849946030996,0.10862554502152276,0.15500669822441157
617,61,0.10699504259179168,0.14407406139554602,0.27960935197116016
618,61,0.10952118428712836,0.1783150282126091,0.18100558506223546
619,69,0.1199010708875996,0.23270282250719188,0.23270282250719188
620,61,0.11675245761864707,0.24387290001227696,0.2546379215780506
621,21,0.03457297208241757,0.03875682748037483,0.1304214175695885
622,51,0.10373506391277076,0.14085409577032051,0.17276854546738019
623,21,0.03193019265308816,0.038635445123301644,0.1304214175695885
624,51,0.08428379875184937,0.13677926492264483,0.15590100475799976
625,61,0.10542415756855014,0.19701269330645307,0.21247052913830183
626,51,0.06889786089852172,0.09493450869972507,0.1304214175695885
627,51,0.10387380589369627,0.15872146978289864,0.23629932645601284
628,51,0.07458470817340461,0.10098916487324344,0.1304214175695885
629,51,0.07995722145479633,0.13471938241621215,0.14475657233051129
630,41,0.06535547107504683,0.08188388630104869,0.1304214175695885
631,21,0.039148488120691306,0.0437557882687107,0.1304214175695885
632,69,0.2411136253037315,0.7300789489010109,0.7300789489010109
633,69,0.1291304695675159,0.22884639406268917,0.23925267063644892
634,31,0.0959601269424695,0.17738639300796588,0.17738639300796588
635,21,0.05260432485631657,0.054919154685765886,0.1304214175695885
636,69,0.10866827187203122,0.2208713085637326,0.2208713085637326
637,31,0.07674201418114546,0.08958551138801582,0.1304214175695885
638,61,0.08232115099935622,0.13489309764125174,0.17056203915180757
639,61,0.11786926398383543,0.22144610322402028,0.22283115082600466
640,21,0.05792577641609512,0.05443962366133477,0.1304214175695885
641,51,0.08894813403067174,0.1350434063227599,0.1593530328993709
642,51,0.0895788520504213,0.12751702244767607,0.15694950421625947
643,61,0.1103740400379236,0.21823538572599407,0.21823538572599407
644,69,0.1065693184960991,0.2086461197262855,0.2086461197262855
645,21,0.03299019368948565,0.0345343356427165,0.1304214175695885
646,61,0.10816766208126667,0.16743560789551484,0.17255877781425755
647,69,0.11083113613975805,0.20327352565077433,0.22761258653617256
648,41,0.07152840370514278,0.1088811193245476,0.1473786952732107
649,51,0.08558367323517359,0.12709023917565096,0.1344448946568385
650,69,0.19331619008045592,0.45598998171023275,0.45598998171023275
651,69,0.12460729454133279,0.31259979067028454,0.31259979067028454
652,61,0.09523398292773748,0.14480603031770176,0.1550680896805084
653,31,0.046235421048358614,0.05497481241529669,0.1304214175695885
654,41,0.08206058219353192,0.10745248199521662,0.14775732293908952
655,51,0.11805980170786531,0.1576558771998291,0.16301182713047618
656,69,0.13143794117198893,0.23456514470585707,0.2352380286245405
657,69,0.11036155407570673,0.1907933983810919,0.20702630115184045
658,51,0.09750663054357711,0.1355373568666857,0.16267679135602892
659,51,0.09389815226598401,0.12989738740890458,0.16310903663461698
660,31,0.05132944406029985,0.06285286716746717,0.1304214175695885
661,51,0.07837770173718267,0.10192752879102085,0.1304214175695885
662,21,0.0572804108807388,0.064908402513653,0.1304214175695885
663,69,0.13812190513769418,0.3199554113860016,0.3199554113860016
664,69,0.12537955600018824,0.30191697951547725,0.3137006773637354
665,31,0.0572532670776239,0.06838767112908531,0.1304214175695885
666,31,0.09929884774819137,0.16352914292338866,0.16485407631006022
667,51,0.08752441828872666,0.12762250085422075,0.15883719212675648
668,41,0.062142878132748075,0.07740047553351417,0.1304214175695885
669,21,0.0606952261171066,0.071110752065703,0.1304214175695885
670,21,0.043928638193793765,0.04436513218727234,0.1304214175695885
671,51,0.07985520220299515,0.1382417712031102,0.13874101291191032
672,31,0.06439858435742489,0.06766557464189307,0.1304214175695885
673,51,0.09210761412070476,0.12340859910967787,0.14141419445279566
674,31,0.07046102724854683,0.08102208147371527,0.1304214175695885
675,61,0.08750011201326774,0.1326114602549812,0.14246168478239776
676,61,0.10692685653255113,0.18493229618642104,0.18493229618642104
677,51,0.09722638522247999,0.12076972948434474,0.14820229107917943
678,41,0.05454525644131061,0.08784650290872822,0.1304214175695885
679,21,0.0662984996324145,0.06851340214444535,0.1304214175695885
680,51,0.08967427369153332,0.11874271421869004,0.14312128855380485
681,69,0.11972812742776794,0.3128216459857687,0.3128216459857687
682,41,0.10808122423167792,0.21252112819770538,0.21252112819770538
683,21,0.05264565425141502,0.060050066904758975,0.1304214175695885
684,31,0.0634657102333606,0.07379422521172681,0.1304214175695885
685,69,0.12234108349430407,0.2530577067509078,0.2530577067509078
686,31,0.06261873075074233,0.06845632863644492,0.1304214175695885
687,31,0.0643798585890167,0.08751666382532336,0.1304214175695885
688,69,0.12212938585699733,0.24072801587279616,0.2426002089365077
689,51,0.08922934156903044,0.10667441653469138,0.15029790999747752
690,31,0.056629921309016264,0.06524634161446,0.1304214175695885
691,61,0.10835932428181479,0.21372633584618236,0.2519119079950698
692,51,0.08024119276147833,0.12061922988364414,0.1304214175695885
693,61,0.11966034267560964,0.2434216626247953,0.2434216626247953
694,21,0.05936947483876353,0.06922928081559018,0.1304214175695885
695,41,0.0795626888921412,0.12903097080385287,0.1304214175695885
696,61,0.12086079441639709,0.143395191631559,0.2869887823450517
697,51,0.08033869749365555,0.09966371428644603,0.13102414645162017
698,21,0.03778979178620041,0.04582145171256915,0.1304214175695885
699,69,0.1285753229365831,0.3652704813921749,0.3652704813921749
700,31,0.06879457581170324,0.07206815506233513,0.1304214175695885
701,69,0.13774588355663406,0.31517355830795546,0.32797777201961426
702,31,0.057874472054351506,0.0666571260448033,0.1304214175695885
703,41,0.07560384419779675,0.10613398734432036,0.1541168134185657
704,51,0.09795258785417045,0.14362266493915848,0.14365234492139647
705,31,0.05575888206834985,0.0842193455895951,0.1304214175695885
706,51,0.08476139326255827,0.1412348038962294,0.1798785409801696
707,41,0.08446115074698544,0.11156024172959751,0.1304214175695885
708,61,0.09497896932504322,0.1808268770655861,0.210421063989799
709,31,0.04511762109828753,0.05333508783769057,0.1304214175695885
710,51,0.07733496185071242,0.13166497037910047,0.16615212684824926
711,31,0.07273023612090547,0.06879058150694468,0.1304214175695885
712,51,0.10669512868073057,0.23841542015387568,0.2528066199692268
713,69,0.1086730235264255,0.17423907170053526,0.21399394317422177
714,51,0.09415253721991995,0.13194579512553378,0.16858584799648355
715,21,0.05895533577112756,0.07345523429559847,0.1304214175695885
716,41,0.08237813053510243,0.09739588161984264,0.1304214175695885
717,69,0.15808332973679762,0.3070605682422193,0.3070605682422193
718,31,0.0639650526783493,0.07829472584668433,0.1304214175695885
719,31,0.06586699404707605,0.08501057976833604,0.1304214175695885
720,31,0.0798545150619058,0.09090025471755242,0.1304214175695885
721,41,0.06501383685193576,0.08681643844717288,0.1304214175695885
722,69,0.10264541347971608,0.2505720314043747,0.25194890203482906
723,31,0.06715289082114395,0.08182619245453109,0.1304214175695885
724,41,0.07776040140842357,0.10245279053117352,0.1304214175695885
725,61,0.09236588572735542,0.1826810430231642,0.2130935864787383
726,51,0.08551511445283932,0.12659281633666455,0.16447226948462876
727,61,0.09947037202038558,0.14553920210304896,0.16252856367185192
728,31,0.05953106006581893,0.06800500155121376,0.1304214175695885
729,69,0.13135036717419063,0.29802384764644163,0.29802384764644163
730,21,0.042420928424303846,0.042131355253495484,0.130421407823465
731,51,0.07626672649659304,0.10994250566993424,0.1304214175695885
732,41,0.0580626009456634,0.07824710705236111,0.1304214175695885
733,51,0.09712321858005415,0.12203310049358491,0.1399934144303015
734,31,0.06473450957326592,0.08073324668057767,0.1304214175695885
735,51,0.09357178344454635,0.1532628458389914,0.1757252589388439
736,41,0.12067803102824695,0.16889628118250083,0.18471294117367368
737,51,0.07029064652397723,0.11296198266908891,0.1304214175695885
738,69,0.12142804940620365,0.27050799303034934,0.27050799303034934
739,51,0.09990951868334759,0.1299613866366443,0.15835019121211058
740,51,0.13443539641634739,0.27255020410508257,0.27255020410508257
741,61,0.0820433866251008,0.1360813713399036,0.15091801442530614
742,69,0.11855472767497251,0.20153730592333857,0.254553467449384
743,61,0.08720739251923874,0.18246003472423475,0.1910810671289908
744,69,0.1284667464300421,0.195787413685657,0.25869337482576366
745,69,0.11090571938546098,0.19159133246733878,0.1996074193142339
746,61,0.1462661942978265,0.3574381184599757,0.3574381184599757
747,21,0.039675490855171164,0.045989215431940816,0.1304214175695885
748,31,0.043744850416878756,0.051722290511574974,0.1304214175695885
749,69,0.12773883679346448,0.2982644719863503,0.2982644719863503
750,21,0.07249881986762631,0.0766171076385804,0.1304214175695885
751,41,0.09847838376402832,0.11993605864384707,0.13250481801753985
752,31,0.03840914180243191,0.04551782488443038,0.1304214175695885
753,61,0.09669557920155658,0.15984498446700768,0.16649822481196955
754,21,0.04375622986195539,0.050884380434404776,0.1304214175695885
755,31,0.08128878344988276,0.09328943821530387,0.1304214175695885
756,61,0.14449859710283322,0.20266260893391233,0.22737920681709256
757,61,0.07952020299770679,0.14282603561946566,0.14364446590693009
758,61,0.08443492131433515,0.12605423626258744,0.1304214175695885
759,41,0.06085848763386519,0.07952454228886781,0.1304214175695885
760,41,0.07292696090220821,0.0866510412734732,0.1304214175695885
761,21,0.06123779516382172,0.05964321148161276,0.1304214175695885
762,21,0.04771883683747859,0.05406030630037621,0.1304214175695885
763,51,0.09085673475729858,0.1444459057089849,0.1762457706688028
764,21,0.027225453019285292,0.0265984843214693,0.1304214175695885
765,31,0.0571619576454342,0.0629455827501829,0.1304214175695885
766,21,0.032605209386843116,0.036433495046720395,0.1304214175695885
767,41,0.06669717019827183,0.10444165408830182,0.1304214175695885
768,61,0.109555045900756,0.17384173537597067,0.18678031455751606
769,41,0.06875541905654188,0.0989624573445819,0.130421407823465
770,21,0.048881626294195464,0.053179908683925185,0.1304214175695885
771,69,0.09066945907602651,0.18806076104671543,0.20241553400427
772,21,0.062989678519082,0.07147698668459189,0.1304214175695885
773,31,0.055133845288219165,0.059451310326545985,0.1304214175695885
774,51,0.08130137475958503,0.12735538327797372,0.15232230279942718
775,31,0.05729547769990853,0.06637072239924073,0.1304214175695885
776,51,0.0954281731842907,0.14039069845469673,0.1812938728297209
777,31,0.044665698558302866,0.06726121354968222,0.1304214175695885
778,51,0.09786765429731534,0.14148443245152445,0.18491214495169309
779,21,0.03508200824342002,0.03429077444804876,0.1304214175695885
780,61,0.12581665327849373,0.2455106552510834,0.2750587406400018
781,31,0.09866260297025913,0.14598952011120292,0.14611223777955354
782,61,0.11399057880769575,0.1964883723211977,0.21237866741288558
783,61,0.16410185474367997,0.24410323135517661,0.43127235349637766
784,31,0.05781829354311447,0.06303276123365928,0.1304214175695885
785,69,0.1394590410493409,0.33961298157702546,0.3399432526026045
786,21,0.05428029131784993,0.06477828880359045,0.1304214175695885
787,69,0.12557748501906307,0.23053146342284492,0.23053146342284492
788,21,0.04145861869944444,0.04761464713868773,0.1304214175695885
789,69,0.11439841743085336,0.23977699054545173,0.23977699054545173
790,69,0.14350340299390585,0.3445017771482539,0.3445017771482539
791,31,0.06146011607782374,0.0711186828253236,0.1304214175695885
792,21,0.059759909478580224,0.062427411781195104,0.1304214175695885
793,41,0.07002767034083195,0.0974644148360614,0.1304214175695885
794,31,0.045725248406072644,0.04963270714339869,0.1304214175695885
795,21,0.042001857355475555,0.039827011023148395,0.1304214175695885
796,61,0.07661748946636472,0.123601036006527,0.13838378245882724
797,21,0.05074432794901386,0.06120680052495503,0.1304214175695885
798,41,0.07617829113461894,0.09154668105026174,0.1304214175695885
799,41,0.06702097875693129,0.09371359642426894,0.1304214175695885
800,51,0.09947224288548805,0.13465261317022442,0.17817546358486172
801,69,0.13205601061769195,0.2682864934428075,0.2682864934428075
802,21,0.04201633538701042,0.04329832152460114,0.1304214175695885
803,41,0.08727689142209039,0.10464208048295526,0.1304214175695885
804,69,0.11034828826430872,0.26854751209566485,0.26854751209566485
805,21,0.05163400293009183,0.05710047177907103,0.1304214175695885
806,61,0.11441447486818901,0.18994052953088522,0.20708936779502196
807,31,0.0817437257261741,0.1893273151414564,0.1893273151414564
808,69,0.12097319086980252,0.2470191673838287,0.2470191673838287
809,41,0.069515939257002,0.10915534387481264,0.1304214175695885
810,31,0.06321283127840056,0.08196832952382635,0.1304214175695885
811,61,0.1056390538936567,0.19486626623491127,0.19486626623491127
812,41,0.07373965587151793,0.12009929792914843,0.1304214175695885
813,61,0.11909763776644397,0.21559554426168306,0.2351635972932762
814,31,0.05269684934285297,0.08210322638138877,0.1304214175695885
815,69,0.1359241709510693,0.28312967131687944,0.28312967131687944
816,51,0.09615279502717869,0.16029005010246006,0.16110571454074538
817,21,0.05580866555655248,0.06034763701994621,0.1304214175695885
818,21,0.05972885571741588,0.0661510283738812,0.1304214175695885
819,21,0.05766705293236897,0.061044719124380656,0.1304214175695885
820,21,0.05576358441713371,0.0599615316684462,0.1304214175695885
821,41,0.07744779177231312,0.10717951372244394,0.14712246689356395
822,21,0.056886646702548234,0.06040834174581688,0.1304214175695885
823,41,0.07783379198448577,0.09151153789041408,0.1304214175695885
824,21,0.044134202571319406,0.045237612124476405,0.1304214175695885
825,61,0.11387357433554718,0.18091120846695577,0.20760525602293506
826,41,0.06976900175107753,0.09280613556247663,0.132917578302281
827,41,0.0494333277075827,0.06259271254561029,0.1304214175695885
828,51,0.07845542640781429,0.12218909666670776,0.1304214175695885
829,51,0.09634888224043764,0.14030694970616392,0.18728536541939497
830,21,0.028716168636182177,0.024220370465657472,0.1304214175695885
831,31,0.08980400593500075,0.11332124070823309,0.1304214175695885
832,41,0.07830854313350065,0.0851298530033759,0.1304214175695885
833,51,0.09734298528827227,0.12554504254015428,0.15734754757443414
834,51,0.07316217508897564,0.11791893246814185,0.1304214175695885
835,51,0.10222344586431453,0.17708846027090783,0.18449561522079413
836,51,0.07487548837066044,0.1092558205217052,0.1304214175695885
837,51,0.083417635827714,0.10341807203679629,0.14606386006315916
838,61,0.07635668630042161,0.11370007788519425,0.15390339017151525
839,41,0.0586736038077445,0.09637330506279157,0.1304214175695885
840,61,0.11449100555073735,0.19487841445207954,0.20229459403881236
841,31,0.07896535448978761,0.0820196064880549,0.1304214175695885
842,41,0.1002142052521825,0.16733533340421738,0.16819610695501083
843,21,0.05298786175514942,0.060336015220768494,0.1304214175695885
844,21,0.07347261332147156,0.08280158882406313,0.1304214175695885
845,51,0.08273305452890789,0.13279588700327918,0.143221054629352
846,21,0.04990786326737743,0.06061679468254946,0.1304214175695885
847,69,0.12691228521859624,0.29915158947668646,0.29915158947668646
848,31,0.06470579182769447,0.07814637313211964,0.1304214175695885
849,61,0.10125402682944167,0.18231195251388652,0.23685462328903395
850,31,0.06427575830835396,0.08872820261435953,0.1304214175695885
851,51,0.08066013882338789,0.13028915183923448,0.14050308386918645
852,31,0.07132417598729088,0.06885707216949413,0.1304214175695885
853,69,0.1351402139732936,0.30828362208627175,0.30828362208627175
854,21,0.05461900617236518,0.05759930676751623,0.1304214175695885
855,51,0.0858206593544186,0.10734983448986393,0.14846093313239386
856,69,0.1565451508659582,0.3400613780969157,0.35690394567482675
857,21,0.05291785151475,0.05154018910947564,0.1304214175695885
858,69,0.1410024958348981,0.3194227712792377,0.3194227712792377
859,31,0.083579178359465,0.0898177058441693,0.1304214175695885
860,31,0.0732796856764591,0.09479829996290691,0.1304214175695885
861,31,0.08471323534862837,0.08973290394301259,0.1304214175695885
862,61,0.09858987172548359,0.18237452014907343,0.1985745215159972
863,69,0.1442553680362636,0.29168936546628055,0.33118635352822223
864,69,0.13967576602691062,0.3225900067961745,0.3225900067961745
865,69,0.10699949681438131,0.1967682588701364,0.1967682588701364
866,51,0.072612031651643,0.11846002469377757,0.1304214175695885
867,61,0.09366122558315791,0.15180838970102137,0.1804378726250141
868,31,0.07186771795522634,0.08369014992883313,0.1304214175695885
869,61,0.12034406224652634,0.19201180370839804,0.21156790541294007
870,41,0.051720182640605586,0.07820776460967116,0.1304214175695885
871,61,0.07643455035041916,0.13089857401617871,0.1502653954398775
872,21,0.07293435818471761,0.0792235020580416,0.1304214175695885
873,21,0.060319039192980484,0.06835612773412432,0.1304214175695885
874,41,0.07583570530227202,0.11436463060632777,0.1304214175695885
875,41,0.08452038134410746,0.11037116559851337,0.14228903228477896
876,31,0.04608854828480868,0.06058990390395666,0.1304214175695885
877,61,0.1300456914842694,0.3173745280449748,0.3173745280449748
878,51,0.08997292093663392,0.1455284967353208,0.18487851727150797
879,41,0.06482176403563833,0.09288649163590675,0.1304214175695885
880,69,0.1119992885960132,0.20868433921866983,0.2110416496053091
881,61,0.11045721152996685,0.17792410595132838,0.18215096639198858
882,41,0.07792438998431392,0.09076911905823427,0.1304214175695885
883,51,0.0933913705811876,0.1319094249773263,0.17112378212000062
884,41,0.06544864718085246,0.0896499388813698,0.1304214175695885
885,31,0.06251607669630442,0.07249240645048013,0.1304214175695885
886,51,0.09233836220978173,0.1481270142881913,0.1789392571455709
887,51,0.10687223519282864,0.1395268932740543,0.16769926330941953
888,69,0.13192795841928528,0.3582094782330815,0.3582094782330815
889,41,0.08090181334023915,0.093529653834839,0.1304214175695885
890,51,0.08908849717501847,0.13010832848188916,0.13527043075788056
891,21,0.057560594694143964,0.0691237478071938,0.1304214175695885
892,31,0.05197601841348981,0.06256575220249208,0.1304214175695885
893,61,0.0941986056949954,0.13484562714702497,0.16324258556734472
894,21,0.04189712177792445,0.052082894990670064,0.1304214175695885
895,51,0.08870149104284393,0.12612400553580244,0.15512408721992735
896,21,0.02944043266553845,0.03101679084032008,0.1304214175695885
897,69,0.14343217228887098,0.3483666019932718,0.3483666019932718
898,61,0.11272178238509688,0.1797504631351218,0.20941671143731647
899,69,0.09395046910788889,0.21719637506246997,0.21719637506246997
900,51,0.08265531067144448,0.12785739365346072,0.13774564018293342
901,41,0.07711924582266977,0.1563230339661413,0.1563230339661413
902,51,0.07577735994759911,0.11086578430489612,0.1304214175695885
903,51,0.09292046466087661,0.14376410902468126,0.1714654609254085
904,61,0.13292692249428958,0.32665268003833053,0.32665268003833053
905,41,0.0923575843708433,0.24890595366206367,0.24890595366206367
906,41,0.07658529163242529,0.11325779202393692,0.1304214175695885
907,69,0.12177663764021146,0.22543640458362524,0.22543640458362524
908,69,0.1310440644000975,0.2575156976569772,0.2575156976569772
909,41,0.0704724982307358,0.09560536127148639,0.1304214175695885
910,31,0.05900317857339907,0.07190546848321094,0.1304214175695885
911,31,0.07225490046220394,0.08369084297526624,0.1304214175695885
912,21,0.03138097252798721,0.027363032744970876,0.1304214175695885
913,61,0.10415060805237644,0.1534442886104527,0.19045275349873939
914,31,0.04822684545275329,0.05972262949948144,0.1304214175695885
915,61,0.12613006549934402,0.20120002521577013,0.22225591651665555
916,61,0.08075496457029564,0.12482475562570282,0.14319692402059025
917,61,0.1111081618261446,0.18667729961615576,0.21290409125376508
918,51,0.0900237833162707,0.12034293126937727,0.15691243695082463
919,31,0.04045203106500147,0.04860173998648708,0.1304214175695885
920,69,0.12115563356531539,0.22757832673372966,0.22764971275649987
921,61,0.10572460660757134,0.19930966113051146,0.20193567115111374
922,31,0.0618926324941116,0.08300429335344617,0.1304214175695885
923,31,0.05147463223159908,0.06175247053667734,0.1304214175695885
924,21,0.0644836955075913,0.08119148825173743,0.1304214175695885
925,41,0.06689579675220608,0.08524906014958748,0.1304214175695885
926,61,0.09441836736912665,0.19667849416764913,0.20641920736633154
