n,n_failed,fail_rate,mid,parameter
125.0,4.0,0.032,15.93768,tol
125.0,10.0,0.08,17.812991999999994,tol
125.0,9.0,0.072,19.688088000000004,tol
125.0,5.0,0.04,21.562744,tol
125.0,11.0,0.088,23.436735999999996,tol
125.0,9.0,0.072,25.31252,tol
125.0,14.0,0.112,27.187151999999998,tol
125.0,11.0,0.088,29.062752000000003,tol
127.0,13.0,0.10236220472440945,1.0126850393700786,Tcrit
126.0,8.0,0.06349206349206349,1.0379920634920634,Tcrit
125.0,6.0,0.048,1.0631119999999998,Tcrit
124.0,7.0,0.056451612903225805,1.088,Tcrit
125.0,4.0,0.032,1.1129200000000001,Tcrit
125.0,6.0,0.048,1.137888,Tcrit
125.0,14.0,0.112,1.162928,Tcrit
123.0,15.0,0.12195121951219512,1.187731707317073,Tcrit
125.0,10.0,0.08,137504.32189600004,Vf
125.0,3.0,0.024,212509.45052800002,Vf
125.0,10.0,0.08,287487.27388,Vf
125.0,14.0,0.112,362501.897144,Vf
125.0,5.0,0.04,437501.4744480001,Vf
125.0,8.0,0.064,512490.56980799994,Vf
125.0,10.0,0.08,587483.5712,Vf
125.0,13.0,0.104,662492.6302560001,Vf
128.0,24.0,0.1875,0.0627734375,mu
125.0,11.0,0.088,0.08811999999999999,mu
125.0,9.0,0.072,0.11308800000000001,mu
124.0,4.0,0.03225806451612903,0.13796774193548383,mu
125.0,4.0,0.032,0.162904,mu
125.0,6.0,0.048,0.187896,mu
126.0,7.0,0.05555555555555555,0.212968253968254,mu
122.0,8.0,0.06557377049180328,0.23782786885245902,mu
125.0,9.0,0.072,1.0500720000000001,kk1
125.0,9.0,0.072,1.2299999999999995,kk1
125.0,11.0,0.088,1.4100239999999997,kk1
125.0,10.0,0.08,1.590008,kk1
126.0,7.0,0.05555555555555555,1.7707142857142857,kk1
124.0,6.0,0.04838709677419355,1.950637096774194,kk1
125.0,13.0,0.104,2.1300079999999997,kk1
125.0,8.0,0.064,2.310031999999999,kk1
125.0,8.0,0.064,0.29999200000000004,kk2
125.0,11.0,0.088,0.41993600000000003,kk2
125.0,4.0,0.032,0.54,kk2
125.0,10.0,0.08,0.659952,kk2
125.0,9.0,0.072,0.7800239999999999,kk2
125.0,9.0,0.072,0.900072,kk2
125.0,13.0,0.104,1.019984,kk2
125.0,9.0,0.072,1.14,kk2
128.0,27.0,0.2109375,0.02134375,kappa
122.0,10.0,0.08196721311475409,0.06300819672131147,kappa
126.0,5.0,0.03968253968253968,0.10438095238095238,kappa
126.0,3.0,0.023809523809523808,0.14632539682539683,kappa
123.0,0.0,0.0,0.18783739837398372,kappa
126.0,2.0,0.015873015873015872,0.22928571428571426,kappa
124.0,6.0,0.04838709677419355,0.2709596774193549,kappa
125.0,20.0,0.16,0.31247199999999997,kappa
125.0,4.0,0.032,1.5625360000000001,k1
125.0,5.0,0.04,2.6876000000000007,k1
125.0,9.0,0.072,3.812656,k1
125.0,9.0,0.072,4.937511999999999,k1
125.0,13.0,0.104,6.062240000000001,k1
125.0,12.0,0.096,7.18724,k1
125.0,9.0,0.072,8.312496,k1
125.0,12.0,0.096,9.437663999999998,k1
