feature,logreg_std_coef,rf_permutation_importance
tol,0.35112335863155514,0.06959451895731127
Tcrit,0.15886606656493996,0.03098105460676911
Vf,0.18284370013151532,0.028342713110435614
mu,-0.3642042208824536,0.28356648171011806
kk1,0.03833694228808743,0.03420725904294505
kk2,0.1885815259837924,0.030173760911393364
kappa,-0.02039013573258494,0.4879246226536985
k1,0.22263221570292527,0.07641821526731268
k1_x_mu,-0.4766460283102169,0.08433294454720107
tol_x_kappa,-0.010375952808555435,0.09483191976462646
