sim_id,T,dom_ratio_final,res_ratio_final,dom_ratio_25pct,res_ratio_25pct,ag_abs_err
4,31,1.1988915,0.67519194,0.9999983,0.99998915,0.5080245024426384
5,41,1.0402675,0.44830382,0.9999983,0.99998915,0.5303817347552315
7,69,0.82885367,0.9981587,0.9999983,0.99998915,2.8766175072918614
13,69,0.61704886,0.9256034,0.9999947,1.0000848,5.4578565449271395
31,61,0.7339584,1.0011275,0.9999983,0.99998915,2.061557347332581
35,31,1.0282954,0.7592176,0.9999983,0.99998915,0.07969068546480451
36,69,1.9889537,11.366611,1.9194461,2.00784,519.7670824822055
41,21,0.9999983,0.99998915,0.9999983,0.99998915,0.0
48,41,1.9835396,7.093469,0.9240771,3.9676533,142.03524393073945
50,21,0.9999983,0.99998915,0.9999983,0.99998915,0.0
52,21,0.9999983,0.99998915,0.9999983,0.99998915,0.0
54,41,1.1016889,0.49745905,0.9999983,0.99998915,0.09234127125117997
55,51,0.98589444,1.3198818,0.9999983,0.99998915,0.14269009363957252
57,41,1.0459251,0.53257936,0.9999983,0.99998915,0.03549242732925917
74,51,0.8971492,1.9432737,0.9999983,0.99998915,0.12570120311527688
75,31,1.0021393,1.0376141,0.9999983,0.99998915,0.019228669392972852
78,61,0.5574494,3.9991856,0.95021355,1.2129809,47.675850644343
79,51,0.66654855,2.0385659,0.8246995,1.1695852,5.189696246087301
85,21,1.0903903,0.6554136,0.9999962,1.0000434,0.11764007057972314
90,41,0.75079554,0.6927286,0.9999983,0.99998915,1.5441449322578649
91,69,0.5919767,1.0888941,1.0002311,1.0043563,16.367744981482936
100,21,0.9999983,0.99998915,0.9999983,0.99998915,0.0011316358987653041
103,21,0.9999983,0.99998915,0.9999983,0.99998915,0.0
117,69,0.8324434,4.226277,1.2499523,0.76881474,139.12279105599814
131,41,0.8951587,0.78790164,0.9999983,0.99998915,1.864466407604807
134,41,0.83267677,1.1117495,0.9999983,0.99998915,0.10950196004915469
138,61,0.71745753,1.1080949,0.9999983,0.99998915,0.27898643604354945
145,69,1.6443111,1.5699941,0.9999983,0.99998915,16.2326326139045
147,31,1.0848417,0.47190282,0.9999983,0.99998915,0.32012504056887625
161,61,1.4711554,1.8435551,0.9999983,0.99998915,8.780044377409183
162,21,0.9985477,1.4124429,0.9999983,0.99998915,0.2349671572218719
164,21,1.114785,0.95552444,0.99773395,1.0375825,1.1309495787502435
167,31,0.9999983,0.99998915,0.9999983,0.99998915,0.0
170,21,0.9999983,0.99998915,0.9999983,0.99998915,0.0
171,41,1.0442253,0.8129894,0.9999983,0.99998915,0.14781327369193303
172,69,0.67155904,1.0538366,0.9999998,1.0000397,8.11394945426062
177,41,0.9746,1.2088691,0.9999966,1.0000321,2.1092708813336003
184,31,1.1351768,0.8058548,0.9999983,0.99998915,0.4705829199866858
185,41,0.8099059,1.3328645,0.9999983,0.99998915,1.2144947864925193
188,69,1.7960031,1.1479574,0.9999983,0.99998915,5.995003217825769
196,51,1.0674148,1.0677907,0.9983426,1.0420095,2.9059153519322933
200,69,0.9306247,1.3388976,0.9999983,0.99998915,6.639821777953792
203,41,0.7114667,1.0639195,0.9999983,0.99998915,1.179999655551601
204,31,0.9999983,0.99998915,0.9999983,0.99998915,0.0
209,21,0.9999983,0.99998915,0.9999983,0.99998915,0.0
210,31,0.9999983,0.99998915,0.9999983,0.99998915,0.0
221,51,0.6458968,0.97805274,0.9999983,0.99998915,3.7133055058997684
227,21,0.9999983,0.99998915,0.9999983,0.99998915,0.0
229,69,2.1304529,2.1682663,0.9999967,1.0000296,22.315052899002815
235,31,0.16486332,1.013373,0.9954706,1.229317,0.8435483503756771
249,61,1.1209035,0.2855711,0.9999983,0.99998915,0.03473745599387934
252,51,0.5440405,2.1757996,0.84867936,1.698481,6.332588154752855
260,31,3.9813228,0.8600201,0.9999983,0.99998915,0.5562067933203361
261,21,1.018821,1.0430343,0.9999983,0.99998915,0.044541552943346385
267,21,0.9999983,0.99998915,0.9999983,0.99998915,0.0
269,41,1.1727014,0.7251257,0.9999983,0.99998915,0.42794718080068567
270,69,0.71329343,3.526051,1.0943859,0.9783192,84.94542495391983
273,31,0.9999983,0.99998915,0.9999983,0.99998915,0.0
274,51,0.79875267,1.1696737,0.9999983,0.99998915,1.6923674391338288
279,41,0.57807076,4.578937,1.0110836,1.1100181,21.539326091028805
280,41,1.8276798,0.5318903,0.9999983,0.99998915,0.22454876102762888
291,21,0.9999983,0.99998915,0.9999983,0.99998915,0.0
294,31,0.15346651,1.591211,0.99059683,1.3092343,6.260982082862199
298,69,0.5321621,0.89491904,1.0020423,1.0026143,29.86040577126745
303,61,0.78097814,1.3302866,0.9999983,0.99998915,1.7200526591324206
306,61,0.86999804,3.6313403,0.9939496,1.1570482,50.23906423247463
310,31,1.0143,1.015063,0.9999983,0.99998915,0.0028250223506175454
313,41,1.0387777,0.7929422,0.9999983,0.99998915,0.3517270354749673
314,51,0.925094,1.6386567,0.9999983,0.99998915,1.295624507134189
316,31,1.1498098,0.9172661,0.9999983,0.99998915,0.39422232767287113
328,61,1.2046382,1.681669,0.99996555,1.0006992,4.619316948599163
329,69,0.6782129,1.5873376,1.1351101,1.0010194,13.072619038218491
336,21,0.9999983,0.99998915,0.9999983,0.99998915,0.0
338,61,1.3978053,1.6448786,0.9999983,0.99998915,10.148637512660589
343,31,0.9602735,0.9894744,0.9999983,0.99998915,0.17656850339035385
344,69,0.77604353,1.8023025,1.4160945,0.81872946,4.353606867844505
345,51,0.8383075,1.0481012,0.9999983,0.99998915,0.5332963154794754
346,41,1.1679647,0.75452507,0.9999983,0.99998915,0.19327922550015275
348,31,1.0343317,1.062744,0.9999983,0.99998915,0.03990614153354749
351,61,0.8908014,1.8204634,0.9999983,0.99998915,6.653193071030344
352,69,0.8909801,1.1572278,0.9999983,0.99998915,3.201783092132956
353,41,1.1346135,0.69267744,0.9999983,0.99998915,1.0980980971754852
369,21,1.0027274,1.0445954,0.9999983,0.99998915,0.018619252497600436
372,41,0.058956712,2.199297,0.9999983,0.99998915,15.464368195592343
373,31,0.9999983,0.99998915,0.9999983,0.99998915,0.0
374,61,1.31464,3.0564802,0.9999983,0.99998915,8.595206646833788
388,69,0.6000832,4.287435,1.3294545,0.6896257,52.93597440602895
389,51,1.094564,0.4628362,0.9999983,0.99998915,0.8646476031868496
392,41,1.0926919,0.6610406,0.9999983,0.99998915,1.9913528634997366
396,21,1.0380161,0.8850826,0.9998832,1.0025523,0.2136209970210481
421,41,0.69631183,3.7848892,1.006295,1.0835985,32.045949949788294
430,21,0.9999983,0.99998915,0.9999983,0.99998915,0.0
437,61,0.797973,1.0475783,0.9999983,0.99998915,1.305646116788079
447,21,0.9999983,0.99998915,0.9999983,0.99998915,0.0
453,69,0.978433,2.2699227,1.0008265,1.0218152,1.2639565948760918
458,69,0.7858036,1.8691338,1.0582907,0.6753225,5.2498342606975115
461,61,1.1678362,1.9204683,0.99978536,1.0042171,6.318530278645355
508,61,0.9603603,1.7692336,0.9999983,0.99998915,2.789320288420413
511,51,1.2671163,2.3486178,0.9999983,0.9999895,3.6107665673678895
520,51,0.89720565,1.3700466,0.9999983,0.99998915,0.4128406879208697
521,21,0.9999983,0.99998915,0.9999983,0.99998915,0.0
531,31,1.0034878,1.0490934,0.9999983,0.99998915,0.022699538618492443
536,61,1.0565537,1.5823071,0.9999983,0.99998915,3.1196211049665585
543,21,1.0092225,1.0582147,0.9999983,0.99998915,0.008328176277895505
545,61,1.0269616,0.9871609,0.9681139,1.6135981,2.1590784346680323
548,21,0.9999983,0.99998915,0.9999983,0.99998915,0.0
551,51,0.7870123,1.351375,0.9999983,0.99998915,0.4939559596867156
553,41,0.7837809,1.2083219,0.9999983,0.99998915,0.860654301374673
561,41,1.1241618,0.80672216,0.9999983,0.99998915,0.6148485998222855
566,41,0.9313569,1.2089263,0.9999983,0.99998915,2.205095392400821
568,21,0.9999983,0.99998915,0.9999983,0.99998915,0.0
577,21,1.0179007,1.0125977,0.9999124,1.0017867,0.7645538230880633
578,61,2.3662598,1.094076,0.9999983,0.99998915,6.23530906641205
580,69,1.4189805,1.7247905,0.9999983,0.99998915,18.75901782761892
584,31,0.73778266,1.3714598,1.0296289,1.2901567,0.861408997669848
585,51,1.6905496,6.8763146,0.9322001,2.5243907,147.39408884983476
590,61,0.825375,1.5152205,0.9999983,0.99998915,0.03913092748467051
597,31,1.6477673,0.9296168,0.9999983,0.99998915,0.5664309416245032
600,69,0.6171249,1.5906279,3.6674454,1.0458953,31.02518498711457
606,31,1.0426766,0.8905296,0.9999983,0.99998915,0.010207353973086475
616,41,1.0876937,0.5406691,0.9999983,0.99998915,0.8458450776593134
621,21,1.1592394,0.91988915,0.99370414,1.1250267,0.683799782094404
624,51,5.4455657,0.42022613,0.9999983,0.99998915,1.517489110223325
643,61,1.2521082,1.5010126,0.9999983,0.99998915,8.220634892384304
655,51,0.8355403,0.9007525,0.9997988,1.0042112,3.380038000828769
656,69,1.5439805,2.5092018,0.9999983,0.99998915,13.296109641567867
657,69,1.6802678,1.7622615,0.9999983,0.99998915,12.232656613049379
660,31,1.0406333,1.0516909,0.9999983,0.99998915,0.07975117322207537
663,69,1.0243257,1.1578081,1.1844604,0.81920016,3.109923559693428
677,51,0.9812103,0.4284474,0.9999983,0.99998915,0.26095043748573055
682,41,0.71205705,1.2987611,0.9999983,0.99998915,3.2806033643856054
683,21,0.9999983,0.99998915,0.9999983,0.99998915,0.0
692,51,0.87452304,1.0244104,0.99999726,1.0000178,1.6653289519095544
699,69,0.73094445,0.80480856,0.9999983,0.99998915,1.3046610933685017
702,31,0.9999983,0.99998915,0.9999983,0.99998915,0.0
712,51,0.85800594,1.3179958,0.9999983,0.99998915,1.5765924930029236
724,41,0.8936902,0.7241798,0.9998247,1.0037457,0.34183517758268067
726,51,0.83561295,5.1917067,0.94333696,1.1035904,80.95991148627047
728,31,1.0363837,1.0013677,0.9999983,0.99998915,0.02813378043265158
732,41,1.0017867,1.039339,0.9999983,0.99998915,0.0037201266360216145
733,51,1.0197703,0.40632617,0.9999983,0.99998915,0.06200267357068623
735,51,0.8337361,2.1638856,0.99999404,1.0000899,2.6838543541739313
743,61,0.9818667,1.6739309,0.9999983,0.99998915,2.0651357675260584
744,69,12.5181465,0.7142835,0.9999983,0.99998915,5.674952660991817
746,61,0.59455866,1.0657606,0.9999983,0.99998915,14.314037360144361
748,31,1.0138953,1.0467685,0.9999983,0.99998915,0.03284683488177631
749,69,1.0510743,1.4574375,0.9999983,0.99998915,7.6628033991768945
760,41,0.9999918,1.0000471,0.9999983,0.99998915,0.1878161074170976
761,21,0.9999983,0.99998915,0.9999983,0.99998915,0.0
769,41,28.467937,0.47924533,0.9999983,0.99998915,1.8617749353653839
775,31,0.99489105,1.1982328,0.9999983,0.99998915,0.42181454794060524
776,51,0.9948473,0.9326402,0.9999983,0.99998915,1.2803787439082477
785,69,0.5773983,0.98514664,1.0044793,1.041922,16.738104610782145
791,31,0.9956697,1.1266916,0.9999983,0.99998915,0.13580166819579786
793,41,0.66464335,0.92217594,0.9999983,0.99998915,4.344482972546118
794,31,0.9999983,0.99998915,0.9999983,0.99998915,0.0
798,41,0.9969753,1.1620866,0.9999983,0.99998915,0.4326689505615928
802,21,0.9999983,0.99998915,0.9999983,0.99998915,0.0
804,69,0.68482023,3.1479564,1.0046713,1.0572453,34.025671696257206
807,31,0.5489983,0.7844595,1.0154924,1.2147056,2.8854698771244003
813,61,1.154722,0.5683531,0.9999983,0.99998915,1.7880316498758546
814,31,1.2959535,0.4414398,0.9999983,0.99998915,0.8840091745526399
825,61,3.8858254,0.37630877,0.9999983,0.99998915,0.4321472993596682
829,51,0.41739488,0.6893075,0.9999983,0.99998915,0.9757440442627683
831,31,3.414797,0.76120883,0.9999983,0.99998915,0.36808815310316145
832,41,1.0110785,1.0588404,0.9999983,0.99998915,0.04119118248963788
840,61,0.9286153,2.0578856,0.9999983,0.99998915,4.194001965691783
844,21,0.99999726,1.0000151,0.9999983,0.99998915,0.008315783829196066
847,69,1.5438219,11.184549,2.3544936,1.9157498,448.7592107037507
849,61,0.78926015,1.4414595,0.9999983,0.99998915,0.9118770361938218
852,31,1.388749,0.52436393,0.9999983,0.99998915,0.8472002927709896
859,31,1.0116,0.9483225,0.9999983,0.99998915,0.23169200152037395
861,31,1.018647,0.8546222,0.9999983,0.99998915,0.1947558745234867
876,31,1.5570025,0.900808,0.9999983,0.99998915,1.154031569540308
879,41,1.3721037,0.47215888,0.9999983,0.99998915,1.0109674443507237
880,69,1.4298471,1.8753017,0.9999983,0.99998915,13.057545030485578
889,41,1.0026727,0.9666912,0.9999983,0.99998915,0.4052036342773
894,21,1.0073102,1.070381,0.9999983,0.99998915,0.05739391525367382
898,61,2.5869682,0.52894354,0.9999983,0.99998915,0.7374054349210581
900,51,0.8300964,2.104738,0.9999156,1.0025817,3.733225313601281
911,31,0.9999983,0.99998915,0.9999983,0.99998915,0.0
916,61,1.0505502,1.8776196,0.9999983,0.99998915,4.6231129995333475
919,31,2.583877,6.9195657,1.0371263,3.1572254,41.109236125517846
921,61,1.0012348,1.2918943,0.99988,1.0025162,0.824880371876958
924,21,0.9941229,1.3723735,0.9999983,0.99998915,0.28169387834022847
