family,epoch,val_loss,median_disp_rmse_if_evaluated,rollout_plus_ag_pre_cap,rollout_capped
A,1,0.0220287902,,nan,nan
A,2,0.0162268876,,nan,nan
A,3,0.0120878654,,nan,nan
A,4,0.0112116703,,nan,nan
A,5,0.00869687928,,nan,nan
A,6,0.00791149397,,nan,nan
A,7,0.00737406222,,nan,nan
A,8,0.00693625761,,nan,nan
A,9,0.0066451566,,nan,nan
A,10,0.00600140977,,nan,nan
A,11,0.00586648736,,nan,nan
A,12,0.00585839211,,nan,nan
A,13,0.00563802907,,nan,nan
A,14,0.00725523735,,nan,nan
A,15,0.00521981058,,nan,nan
A,16,0.00535270015,,nan,nan
A,17,0.00501562251,,nan,nan
A,18,0.00861961655,,nan,nan
A,19,0.0054849735,,nan,nan
A,20,0.00509588181,,nan,nan
A,21,0.00516639409,,nan,nan
A,22,0.00468774236,,nan,nan
A,23,0.0044491805,,nan,nan
A,24,0.00447409823,,nan,nan
A,25,0.00486404063,,nan,nan
A,26,0.00443013501,,nan,nan
A,27,0.00571220993,,nan,nan
A,28,0.00479330037,,nan,nan
A,29,0.00407674662,,nan,nan
A,30,0.00397526606,,nan,nan
A,31,0.00402755331,,nan,nan
A,32,0.00566561383,,nan,nan
A,33,0.00380689233,,nan,nan
A,34,0.00410337053,,nan,nan
A,35,0.00532362524,,nan,nan
A,36,0.00411730625,,nan,nan
A,37,0.00463622418,,nan,nan
A,38,0.00371473373,,nan,nan
A,39,0.00366787588,,nan,nan
A,40,0.00353213514,,nan,nan
A,41,0.00369639201,,0.00659117196,0.00659117196
A,42,0.0036926007,,0.00483346824,0.00483346824
A,43,0.0047896528,,0.00982117932,0.00982117932
A,44,0.00375642093,,0.00781393796,0.00777551252
A,45,0.00358811621,0.716038,0.0059122825,0.0059122825
A,46,0.00351785209,,0.00689323712,0.00689323712
A,47,0.00341600455,,0.00838029571,0.00838029571
A,48,0.00346585912,,0.0123432251,0.0114183025
A,49,0.00412289284,,0.0167223401,0.0141165685
A,50,0.00451077302,0.68592,0.0121002095,0.0118055288
A,51,0.00354783961,,0.00734826317,0.00734826317
A,52,0.00964351708,,0.0576654188,0.0245473944
A,53,0.00367987498,,0.00774575863,0.00736396108
A,54,0.00357506043,,0.0110065965,0.0110065965
A,55,0.00367690192,0.618814,0.0159187336,0.0148829389
A,56,0.00329817112,,0.00713653117,0.00713653117
A,57,0.00318459866,,0.00468001515,0.00468001515
A,58,0.00351778466,,0.0133725107,0.0130414469
A,59,0.00341263655,,0.00813725311,0.00813725311
A,60,0.00331260826,0.545085,0.00631111721,0.00631111721
A,61,0.00327303675,,0.00693322346,0.00693322346
A,62,0.00320699178,,0.00424436014,0.00424436014
A,63,0.00488685261,,0.0179272536,0.0144136967
A,64,0.00293681589,,0.00495287683,0.00495287683
A,65,0.00357861068,1.242801,0.0134602366,0.0121261422
A,66,0.00300575491,,0.00451542344,0.00451542344
A,67,0.00293876646,,0.00492563192,0.00492563192
A,68,0.00312227915,,0.00613355357,0.00613355357
A,69,0.00305975648,,0.00486868294,0.00486868294
A,70,0.00294545951,0.403945,0.00440815743,0.00440815743
A,71,0.00329903343,,0.0182645805,0.0172548536
A,72,0.00286479459,,0.00614517555,0.00614517555
A,73,0.00302338231,,0.0160739832,0.0130485045
A,74,0.00320704651,,0.00495401118,0.00495401118
A,75,0.00386324787,1.07195,0.0109097408,0.00881275441
A,76,0.00309639186,,0.00611352827,0.00595827214
A,77,0.0029500649,,0.00483157672,0.00483157672
A,78,0.0028642185,,0.00902058929,0.00902058929
A,79,0.00278157947,,0.00395568041,0.00395568041
A,80,0.00325509368,1.845764,0.0205233991,0.0198578574
A,81,0.00428261817,,0.0147065148,0.0137700066
A,82,0.00316181059,,0.00974190235,0.00953519065
A,83,0.0043553626,,0.0249439925,0.0227799863
A,84,0.00313946083,,0.00646630814,0.00646630814
A,85,0.00310850955,0.351519,0.00525820581,0.00525820581
A,86,0.00268619907,,0.0118526639,0.0112981591
A,87,0.0033293379,,0.0108455699,0.00994734466
A,88,0.00293033824,,0.0128019648,0.012413064
A,89,0.00266770106,,0.0133643718,0.0122510828
A,90,0.00330374344,1.151228,0.013130879,0.0127038034
A,91,0.00306426662,,0.00556521583,0.00556521583
A,92,0.00314102987,,0.00467653573,0.00467653573
A,93,0.00332330961,,0.0205401797,0.0178291723
A,94,0.00271275881,,0.0103993081,0.0102385823
A,95,0.00321663903,1.340262,0.0100158257,0.0100158257
A,96,0.00365218217,,0.0149203409,0.0145839285
A,97,0.00317964374,,0.0053109685,0.0053109685
A,98,0.00294431414,,0.00680755591,0.00680755591
A,99,0.00256837938,,0.00804475043,0.00800806843
A,100,0.0025316885,0.399402,0.00518165296,0.00518165296
A,101,0.00268927297,,0.00441692071,0.00441692071
A,102,0.00285013366,,0.00669010123,0.00669010123
A,103,0.00297269008,,0.00892161671,0.00892161671
A,104,0.00249974171,,0.00691086054,0.00691086054
A,105,0.00243239555,0.929254,0.00459465059,0.00459465059
A,106,0.00283732809,,0.00658427551,0.00658427551
A,107,0.00237297291,,0.00367672415,0.00367672415
A,108,0.00240411032,,0.00556347612,0.00555495732
A,109,0.0024292623,,0.0118459836,0.0111404629
A,110,0.00304775687,1.427768,0.0153297484,0.0137752742
A,111,0.0026091561,,0.00626977626,0.00624867994
A,112,0.00288012031,,0.0053353603,0.0053353603
A,113,0.00243277041,,0.00341140036,0.00341140036
A,114,0.00236918304,,0.0056118262,0.0056118262
A,115,0.00250962483,1.331318,0.00620925706,0.00620925706
A,116,0.00248706008,,0.00602198206,0.00602198206
A,117,0.00270434197,,0.00750491628,0.00750491628
A,118,0.00254095471,,0.0130253732,0.0124479141
A,119,0.00242088086,,0.00445597246,0.00445597246
A,120,0.0024671027,0.360749,0.00574948918,0.00574948918
A,121,0.00250863921,,0.00954243727,0.00954243727
A,122,0.00240711372,,0.00861700252,0.00858835317
A,123,0.00223582947,,0.0123139415,0.0120379077
A,124,0.00221139867,,0.0107972817,0.0104738213
A,125,0.00230653078,1.016463,0.0150443343,0.0147709977
A,126,0.00286015844,,0.00848005619,0.00848005619
A,127,0.00230381055,,0.0068358006,0.0068358006
A,128,0.00247208063,,0.00474001747,0.00474001747
A,129,0.00238654657,,0.0085007567,0.0085007567
A,130,0.00218306189,0.49941,0.00489644753,0.00489644753
A,131,0.00243582196,,0.00602219906,0.00602219906
A,132,0.00259675457,,0.0159633197,0.0150993224
A,133,0.00247507187,,0.00442812312,0.00442812312
A,134,0.00223731998,,0.00861224439,0.00849811453
A,135,0.00256189689,1.922665,0.0226604789,0.0198985897
A,136,0.00284397295,,0.00534444023,0.00534444023
A,137,0.00232729026,,0.00885167718,0.00880912878
A,138,0.00244200183,,0.0065560909,0.0065560909
A,139,0.00270561364,,0.0108338147,0.0107911183
A,140,0.00245542118,0.872228,0.0101776104,0.0101776104
A,141,0.0035863132,,0.0528189242,0.0299630668
A,142,0.00250521225,,0.00563843222,0.00563843222
A,143,0.00232918506,,0.00457758596,0.00457758596
A,144,0.00223254009,,0.00344259175,0.00344259175
A,145,0.002298248,0.664016,0.00464531966,0.00464531966
A,146,0.00259596796,,0.0112120844,0.0106479144
A,147,0.00226730671,,0.00759143103,0.00759143103
A,148,0.00324928046,,0.0122989127,0.0117278984
A,149,0.00215597458,,0.00457096472,0.00457096472
A,150,0.00263316569,0.867088,0.00735773891,0.00735773891
A,151,0.00277097663,,0.0064656781,0.0064656781
A,152,0.00220312135,,0.00438363757,0.00438363757
A,153,0.00225213381,,0.00566826342,0.00566826342
A,154,0.00224005003,,0.00654591853,0.00654591853
A,155,0.00231707058,0.462803,0.00520036183,0.00520036183
A,156,0.00343191906,,0.00790754054,0.00790754054
A,157,0.00252903942,,0.00978975743,0.00968425535
A,158,0.00212942426,,0.00717360293,0.00717360293
A,159,0.00217468868,,0.00946327578,0.0090334909
A,160,0.00227809992,1.668916,0.0157514699,0.0154204862
A,161,0.00218330711,,0.0109011251,0.010730301
A,162,0.00273676729,,0.0139050679,0.0134209665
A,163,0.00212135076,,0.00511441007,0.00511441007
A,164,0.00237934952,,0.0197206922,0.0182884745
A,165,0.00249695758,0.606976,0.00781103689,0.00781103689
A,166,0.00265294209,,0.0144790411,0.014039563
A,167,0.00227054265,,0.0272110403,0.0238384586
A,168,0.00205856842,,0.00755624613,0.00747749303
A,169,0.00271216057,,0.00608224422,0.00601870101
A,170,0.00332017977,1.453825,0.0137279285,0.0135185104
A,171,0.00197501828,,0.00832476746,0.00832476746
A,172,0.00816441372,,0.0627196953,0.0290435012
A,173,0.0019768986,,0.00777353346,0.0077410778
A,174,0.00213216041,,0.00475694519,0.00475694519
A,175,0.00213197399,0.871566,0.00593138998,0.00593138998
A,176,0.00206344346,,0.00574401673,0.00574401673
A,177,0.00213166126,,0.00735321408,0.00717148557
A,178,0.00202923374,,0.0129215103,0.0123445569
A,179,0.00384797506,,0.00895563699,0.00872965343
A,180,0.00209161357,0.451261,0.004228679,0.004228679
A,181,0.00233944515,,0.0134688541,0.0130575243
A,182,0.0021179256,,0.00513963308,0.00513963308
A,183,0.00233075691,,0.0125726955,0.0118213268
A,184,0.00194399046,,0.00557554932,0.00557554932
A,185,0.00199831025,1.034942,0.0055895769,0.0055895769
A,186,0.00229184355,,0.0091276411,0.00909645483
A,187,0.00243817524,,0.0153148873,0.0150408298
A,188,0.0022739435,,0.00930515863,0.0092781987
A,189,0.00225100261,,0.00708493125,0.00708493125
A,190,0.00201931615,1.979523,0.0108972583,0.0108161177
A,191,0.00205787049,,0.00673437258,0.0066596223
A,192,0.00235125515,,0.0120672714,0.0120672714
A,193,0.0022265985,,0.0122782979,0.0121574178
A,194,0.00210193899,,0.0063078925,0.0063078925
A,195,0.00210206993,0.867635,0.00637985533,0.00637985533
A,196,0.0019051319,,0.0051926286,0.0051926286
A,197,0.0019592796,,0.00594680803,0.00594680803
A,198,0.00250540158,,0.00685948646,0.00685948646
A,199,0.00205669644,,0.0101815425,0.0100786034
A,200,0.00213642525,0.432162,0.00666895509,0.00666895509
A,201,0.00203745764,,0.00964377634,0.00959165581
A,202,0.00203434717,,0.00703607406,0.00681155408
A,203,0.00189784034,,0.00742066791,0.00742066791
A,204,0.00193426736,,0.00779345725,0.00779345725
A,205,0.00310105475,1.403256,0.0165213309,0.0158298258
A,206,0.00217255652,,0.0142095294,0.0140695516
A,207,0.00509096536,,0.130871087,0.0319280103
A,208,0.00201461603,,0.0065291198,0.0065291198
A,209,0.00187540397,,0.00692519639,0.00692519639
A,210,0.00193618712,1.282271,0.00622132886,0.00622132886
A,211,0.00181403472,,0.00496219145,0.00496219145
A,212,0.00197042531,,0.0101209888,0.0101209888
A,213,0.00197603195,,0.0141348168,0.0136722103
A,214,0.00256152878,,0.0178748574,0.0162379332
A,215,0.00200704306,0.224768,0.0104365367,0.0103654098
A,216,0.0018339295,,0.00686800946,0.00686800946
A,217,0.00184235416,,0.0083512459,0.00833851751
A,218,0.00191318629,,0.00915741082,0.00915741082
A,219,0.00188063483,,0.00679752696,0.00679752696
A,220,0.00215235728,2.837679,0.021645328,0.0196246095
A,221,0.00211897876,,0.00986656826,0.00986656826
A,222,0.00222256809,,0.0133133261,0.0131734312
A,223,0.00373739209,,0.0285962969,0.0248042848
A,224,0.00190828373,,0.00624241075,0.00624241075
A,225,0.00275307489,0.844177,0.0476993099,0.0278229117
A,226,0.00196648723,,0.0109295044,0.0109295044
A,227,0.00192716864,,0.00600423431,0.00600423431
A,228,0.00207152617,,0.0131582813,0.0125248525
A,229,0.00173299117,,0.00529844081,0.00529844081
A,230,0.00188554123,1.125651,0.00810839795,0.00810839795
A,231,0.00223612221,,0.0182792488,0.0172067471
A,232,0.00191173809,,0.00562565587,0.0052317041
A,233,0.00243643536,,0.0187162757,0.0157587361
A,234,0.00193031422,,0.00822648033,0.00822648033
A,235,0.00176605965,1.691025,0.00953527912,0.00953527912
A,236,0.00210910003,,0.0140976403,0.0136771724
A,237,0.00195835067,,0.00720880553,0.00720880553
A,238,0.00200844557,,0.00834576599,0.00834576599
A,239,0.00246488274,,0.0109543707,0.0109543707
A,240,0.00185895,2.948854,0.00880477764,0.00868269242
A,241,0.00214869871,,0.011609016,0.0110496869
A,242,0.0016653566,,0.00808807649,0.00802489184
A,243,0.00209124896,,0.0072903051,0.0072903051
A,244,0.00187323778,,0.00900469162,0.00876763742
A,245,0.00188281556,1.66171,0.0106982682,0.0105404481
A,246,0.00225983616,,0.015328845,0.0146837682
A,247,0.00181357428,,0.0107701598,0.0103592845
A,248,0.00173824514,,0.00938585587,0.00898556039
A,249,0.00202363118,,0.0106712785,0.0103797223
A,250,0.00174378339,0.388706,0.00600015791,0.00600015791
A,251,0.00192790497,,0.012361913,0.012293037
A,252,0.00179883679,,0.00619131885,0.00619131885
A,253,0.00255236091,,0.0224916153,0.0210887715
A,254,0.00194673249,,0.00768937822,0.00755021488
A,255,0.00202300315,1.25662,0.0281937066,0.0216346905
A,256,0.00174191862,,0.00724067818,0.0072061955
A,257,0.00196745473,,0.0131917614,0.0115174502
A,258,0.0018704379,,0.00991492067,0.00981164351
A,259,0.00178822205,,0.00743016088,0.00687301019
A,260,0.00215453901,0.545447,0.0133581311,0.0132717909
A,261,0.00181433723,,0.00753568765,0.00753568765
A,262,0.00169662829,,0.0101790568,0.0100697745
A,263,0.00162586186,,0.0050630453,0.0050630453
A,264,0.00199134262,,0.00960832182,0.00960832182
A,265,0.00169947209,0.953684,0.00823146291,0.00804826804
A,266,0.00199851637,,0.0115857478,0.0109900627
A,267,0.00171069431,,0.00882951636,0.0086203469
A,268,0.00176694843,,0.00796181988,0.00796181988
A,269,0.00173419471,,0.00645774137,0.00639011571
A,270,0.0021676342,2.128684,0.0147380428,0.014287089
A,271,0.00176027586,,0.00945162214,0.00942947529
A,272,0.00244180892,,0.0196998511,0.0187072214
A,273,0.00189964522,,0.014438346,0.0135037499
A,274,0.00175301976,,0.00879724696,0.00858201459
A,275,0.00186247344,4.315167,0.012709206,0.0117403399
A,276,0.00218392888,,0.00983613171,0.0096616447
A,277,0.0021415667,,0.0166432578,0.0154735846
A,278,0.00188342474,,0.00888120476,0.00880051497
A,279,0.00173915448,,0.0110745355,0.0109709455
A,280,0.00254583228,0.561021,0.0230941139,0.0202751644
A,281,0.00165019685,,0.0053858785,0.0053858785
A,282,0.00227620694,,0.0190824382,0.0174050033
A,283,0.00179561931,,0.0119461743,0.0117583126
A,284,0.00168526916,,0.00573159382,0.00573159382
A,285,0.00197109128,0.494309,0.0128752273,0.0113019878
A,286,0.00186795512,,0.00942481775,0.00936611183
A,287,0.00188236885,,0.0202602409,0.0161452144
A,288,0.00187607581,,0.0132684764,0.012316755
A,289,0.00186697467,,0.00718791177,0.00712922355
A,290,0.00178580726,1.396771,0.0133168194,0.0126406252
A,291,0.00200530927,,0.0117075127,0.0109246336
A,292,0.00178053473,,0.00756554212,0.00747762015
A,293,0.00166599512,,0.00608756999,0.00608756999
A,294,0.00165695335,,0.00591945648,0.00590378651
A,295,0.00168930995,1.221644,0.00607819762,0.00575714139
A,296,0.0029998136,,0.0141885635,0.0141759636
A,297,0.00165830986,,0.00591954915,0.00571564911
A,298,0.00183162997,,0.0142323617,0.0126771601
A,299,0.00172851862,,0.00849096663,0.00836434774
A,300,0.00182296346,1.724084,0.00831439625,0.00825554039
A,301,0.00204261873,0.790863,0.0100233974,0.00910621416
A,302,0.0017448955,0.765701,0.00929342397,0.00865273736
A,303,0.00159138159,0.930594,0.00450446876,0.00450446876
A,304,0.00162420187,0.26198,0.00488620158,0.00488620158
A,305,0.00176840768,0.951158,0.00899844803,0.00899844803
A,306,0.001814102,0.782665,0.00751005625,0.00751005625
A,307,0.00168798051,0.379081,0.00476429379,0.00476429379
A,308,0.00175287997,0.625476,0.0145073105,0.0138745951
A,309,0.00164786271,0.473685,0.00630954746,0.00630732113
A,310,0.00149912826,0.233984,0.00394999143,0.0039035778
A,311,0.00180702363,0.249841,0.00598293217,0.00598293217
A,312,0.00163176269,0.581903,0.00814371277,0.00810757745
A,313,0.00166106856,0.982927,0.00660345471,0.00638119876
A,314,0.00165664325,0.931338,0.00848158635,0.00848158635
A,315,0.00152102756,0.953241,0.00717944046,0.00717789074
A,316,0.00169893409,0.72293,0.00683660526,0.00683660526
A,317,0.00186145938,0.326769,0.00892799348,0.00884787645
A,318,0.00160800609,0.820151,0.00860826205,0.00788191706
A,319,0.00202629541,1.45758,0.0174830724,0.0163150486
A,320,0.00155454124,0.39022,0.00434472505,0.00434472505
A,321,0.00166512956,1.115039,0.00980795454,0.00967811979
A,322,0.00179234243,0.785033,0.00979504362,0.00964053907
A,323,0.0015023018,0.195651,0.00376409292,0.00376409292
A,324,0.0016360367,0.314052,0.00570292585,0.00570292585
A,325,0.00155802606,0.735971,0.00549047301,0.00531659927
A,326,0.00152392851,0.205799,0.00386228552,0.00385596533
A,327,0.00159781833,0.335842,0.00454137195,0.00396706909
A,328,0.00158956548,0.296844,0.00389560987,0.00389560987
A,329,0.00159432882,0.419917,0.00516276341,0.00516276341
A,330,0.00141262664,0.276496,0.00403555157,0.00403555157
A,331,0.00160254419,0.194141,0.00333167124,0.00333167124
A,332,0.0015002749,0.905826,0.00741237402,0.00739410147
A,333,0.0014929778,0.175258,0.0043790238,0.00437823543
A,334,0.00151397588,0.401677,0.0053478172,0.0053478172
A,335,0.00153103749,0.176557,0.00290417974,0.00290417974
A,336,0.00149111734,0.601796,0.00350469118,0.00350469118
A,337,0.00141921319,0.457795,0.00295915455,0.00295915455
A,338,0.00143640125,0.212277,0.00315240328,0.00315240328
A,339,0.00145914285,0.500558,0.00445727352,0.00427455455
A,340,0.0014342578,0.163685,0.00236229273,0.00236229273
A,341,0.00142414537,0.245782,0.00234284531,0.00234284531
A,342,0.00139542215,0.570865,0.00617731828,0.00617080834
A,343,0.00141417727,0.201856,0.00299226842,0.00294653839
A,344,0.00142022949,0.203012,0.00324036926,0.00324036926
A,345,0.0013993203,0.166583,0.00228717504,0.00228717504
A,346,0.00138679071,0.275321,0.00359840319,0.00359840319
A,347,0.00136941349,0.258295,0.00479062367,0.00479062367
A,348,0.00138641681,0.147245,0.00274750218,0.00274750218
A,349,0.00137594287,0.176746,0.0024523274,0.0024523274
A,350,0.00137725721,0.173276,0.00261027459,0.00261027459
A,351,0.0013818261,0.163315,0.00207719812,0.00207719812
A,352,0.00141108821,0.168846,0.00242972025,0.00242972025
A,353,0.00138458568,0.137052,0.00181831303,0.00181831303
A,354,0.00138375504,0.140678,0.00264583109,0.00264583109
A,355,0.00138603325,0.164744,0.00261384109,0.00261384109
A,356,0.00138248937,0.133681,0.00273306901,0.00273306901
A,357,0.00138647207,0.139052,0.00245300983,0.00245300983
A,358,0.00138544082,0.143477,0.0022582612,0.0022582612
A,359,0.0013693731,0.143598,0.00202453462,0.00202453462
A,360,0.00136650641,0.139551,0.0025214802,0.0025214802
B,1,0.0203944095,,nan,nan
B,2,0.0152112338,,nan,nan
B,3,0.0113496742,,nan,nan
B,4,0.00942918875,,nan,nan
B,5,0.00802827947,,nan,nan
B,6,0.00753609047,,nan,nan
B,7,0.0069071022,,nan,nan
B,8,0.00680517307,,nan,nan
B,9,0.0108909753,,nan,nan
B,10,0.00587250075,,nan,nan
B,11,0.00624833189,,nan,nan
B,12,0.00558276066,,nan,nan
B,13,0.00730621713,,nan,nan
B,14,0.00526265964,,nan,nan
B,15,0.00524408779,,nan,nan
B,16,0.00805560087,,nan,nan
B,17,0.00503224843,,nan,nan
B,18,0.00544126483,,nan,nan
B,19,0.00498743168,,nan,nan
B,20,0.00466926747,,nan,nan
B,21,0.00567633728,,nan,nan
B,22,0.00440189552,,nan,nan
B,23,0.00681792184,,nan,nan
B,24,0.0042612994,,nan,nan
B,25,0.00400643281,,nan,nan
B,26,0.00460621403,,nan,nan
B,27,0.00401024717,,nan,nan
B,28,0.00388386827,,nan,nan
B,29,0.0046689137,,nan,nan
B,30,0.00433005479,,nan,nan
B,31,0.00368917621,,nan,nan
B,32,0.00371903018,,nan,nan
B,33,0.00372259871,,nan,nan
B,34,0.00368073216,,nan,nan
B,35,0.0036062707,,nan,nan
B,36,0.00351917871,,nan,nan
B,37,0.00572684363,,nan,nan
B,38,0.00360733607,,nan,nan
B,39,0.00410989737,,nan,nan
B,40,0.00408407104,,nan,nan
B,41,0.00397107953,,0.0196365286,0.012457801
B,42,0.00384678045,,0.0390928276,0.0102157788
B,43,0.00412339633,,0.00950178318,0.00944974087
B,44,0.003434278,,0.00756741548,0.00743656885
B,45,0.00351787331,0.512086,0.00813249499,0.00813249499
B,46,0.00370597791,,0.0103759076,0.00946816057
B,47,0.00328670258,,0.00675660279,0.00664827134
B,48,0.0039064888,,0.0088100573,0.00844798516
B,49,0.00383040157,,0.014820775,0.0137093067
B,50,0.00373718127,0.572323,0.0126168635,0.0119841499
B,51,0.00348813434,,0.00499136979,0.00499136979
B,52,0.0037855723,,0.0156577118,0.0146008627
B,53,0.00417336026,,0.029209014,0.0208190214
B,54,0.00339255822,,0.00512536429,0.00503214635
B,55,0.00383807232,0.946573,0.0062469691,0.0062469691
B,56,0.00392614329,,0.0111271963,0.010551434
B,57,0.00317044112,,0.00595956203,0.00595956203
B,58,0.00345510626,,0.0136422943,0.0135402428
B,59,0.0031433048,,0.00526391249,0.00526391249
B,60,0.00315320059,0.631328,0.00576998712,0.00576998712
B,61,0.0030988685,,0.00501363119,0.00501363119
B,62,0.00320688146,,0.00526981149,0.00526981149
B,63,0.00339025974,,0.0102660414,0.010159147
B,64,0.00293082858,,0.00861958042,0.00861958042
B,65,0.00285764303,0.66765,0.00686449185,0.00686449185
B,66,0.00606001084,,0.0396429263,0.0232696868
B,67,0.00287657751,,0.00502240378,0.00454931799
B,68,0.00299381129,,0.00515047228,0.00515047228
B,69,0.00305614218,,0.0206734352,0.0201247297
B,70,0.00296828657,0.932225,0.00457313936,0.00457313936
B,71,0.0031138582,,0.00772557408,0.00702553848
B,72,0.00359188028,,0.0102590956,0.0102284467
B,73,0.00313135009,,0.00675827498,0.00675827498
B,74,0.00307090787,,0.00382968294,0.00382968294
B,75,0.00300633259,0.641233,0.00853387453,0.00853387453
B,76,0.0031523351,,0.00389680127,0.00389680127
B,77,0.00303764255,,0.00409656065,0.00409656065
B,78,0.00285800495,,0.00512311142,0.00512311142
B,79,0.00272886541,,0.00468601286,0.00401979499
B,80,0.00381047782,0.868639,0.00884539727,0.00775975734
B,81,0.00343886706,,0.0142718675,0.0136453835
B,82,0.00293407836,,0.00747686625,0.00747686625
B,83,0.00280487786,,0.0064369007,0.00642685313
B,84,0.00256700118,,0.00451735966,0.00451735966
B,85,0.00319471645,0.526119,0.00543675711,0.00543675711
B,86,0.00315021084,,0.00766945397,0.00766945397
B,87,0.00295326437,,0.00613816921,0.00611055316
B,88,0.00274986909,,0.00584253343,0.00584253343
B,89,0.00252542197,,0.00575078698,0.00575078698
B,90,0.00278810549,0.725832,0.00555370981,0.00555370981
B,91,0.00289522607,,0.00578436628,0.00578436628
B,92,0.00256731409,,0.00386005268,0.00386005268
B,93,0.00290003292,,0.0073281154,0.0073281154
B,94,0.00356949965,,0.00808940548,0.0080439765
B,95,0.00285375075,0.722529,0.00640689442,0.00640689442
B,96,0.00271683491,,0.00469788956,0.00469788956
B,97,0.00255140628,,0.0057258904,0.0057258904
B,98,0.00260613598,,0.00383628858,0.00383628858
B,99,0.00246577089,,0.00656478573,0.00656478573
B,100,0.00257124961,0.590366,0.00860137772,0.00860137772
B,101,0.00304716426,,0.00666721305,0.00666721305
B,102,0.00259048739,,0.00938036665,0.00908900332
B,103,0.00289446613,,0.0159898959,0.0139140813
B,104,0.00240652187,,0.00366439414,0.00366439414
B,105,0.00651426267,2.166368,0.047060445,0.0300890617
B,106,0.00269432601,,0.00559902843,0.00559902843
B,107,0.00261825604,,0.00591423968,0.00591423968
B,108,0.00286123359,,0.00752879679,0.00752879679
B,109,0.00234420289,,0.0040315697,0.0040315697
B,110,0.00258572885,0.563511,0.00454700273,0.00454700273
B,111,0.00250269531,,0.0147731844,0.0136831049
B,112,0.00267360481,,0.00712938001,0.00712938001
B,113,0.00256813303,,0.00592284556,0.00592284556
B,114,0.00270822979,,0.00345356157,0.00345356157
B,115,0.00237543939,0.393302,0.00387196918,0.00387196918
B,116,0.002592884,,0.00587397302,0.00579324085
B,117,0.00249589449,,0.00419578562,0.00419578562
B,118,0.00243604324,,0.00522533525,0.00522533525
B,119,0.00245260192,,0.00431559002,0.00431559002
B,120,0.00269259253,0.855537,0.00960108079,0.00955967419
B,121,0.00256495095,,0.00805896986,0.00797879882
B,122,0.00237300223,,0.00853274111,0.00852698367
B,123,0.00233376304,,0.00727681071,0.00721954694
B,124,0.00237780828,,0.0078716483,0.00784960948
B,125,0.00213970788,0.628522,0.00922303833,0.00916655269
B,126,0.00247945092,,0.0146727767,0.0137254102
B,127,0.00247331682,,0.00649271533,0.00646862155
B,128,0.0024151016,,0.01051699,0.010480932
B,129,0.00235141368,,0.00495003676,0.0049286494
B,130,0.00254513546,0.519525,0.00498263584,0.00498263584
B,131,0.00246001637,,0.00725344662,0.00725344662
B,132,0.00445181669,,0.0112654725,0.0111687947
B,133,0.00263954773,,0.00699370634,0.00632003974
B,134,0.00254745592,,0.00962765515,0.00942690205
B,135,0.0021782824,0.797114,0.00553839421,0.00553839421
B,136,0.00341586116,,0.0271113124,0.0227234475
B,137,0.00229814694,,0.00725881476,0.00723779295
B,138,0.00265562167,,0.0144340564,0.0141218472
B,139,0.00262704596,,0.00999329612,0.00973514002
B,140,0.00223285985,0.753624,0.00972704776,0.00962884538
B,141,0.00215833476,,0.00482600275,0.00479719602
B,142,0.00194181925,,0.00474907551,0.00474907551
B,143,0.00291496267,,0.0116578238,0.0115788653
B,144,0.00213816539,,0.00649227947,0.00649227947
B,145,0.00271790492,0.613472,0.0084364526,0.00818014797
B,146,0.00225660393,,0.00632161787,0.00629142206
B,147,0.00214383656,,0.00590689946,0.00590689946
B,148,0.00214591775,,0.00674928352,0.00674928352
B,149,0.00210932958,,0.00469663646,0.00469663646
B,150,0.00234136264,0.961706,0.00710665667,0.0069644996
B,151,0.00218466854,,0.0131859975,0.0127444668
B,152,0.00220884375,,0.00813419931,0.00813419931
B,153,0.00282317038,,0.0181505885,0.0174925271
B,154,0.00220090373,,0.00534120342,0.00534120342
B,155,0.00214434823,0.507532,0.0069244476,0.0069244476
B,156,0.00189112688,,0.00324851507,0.00324851507
B,157,0.0020404111,,0.00821705163,0.00819751527
B,158,0.00212873624,,0.00508957822,0.00508957822
B,159,0.00213017858,,0.00680397591,0.00680397591
B,160,0.00246407779,0.471323,0.00891525671,0.00873145647
B,161,0.00198011926,,0.00841536094,0.00828607939
B,162,0.00212402399,,0.0165178832,0.0153773678
B,163,0.00201046261,,0.00911853649,0.00911853649
B,164,0.00341374133,,0.0338377953,0.019853469
B,165,0.0027885937,0.807062,0.0165956616,0.0140194651
B,166,0.00206124623,,0.00934842695,0.00931756757
B,167,0.00220398381,,0.0114400797,0.0109266862
B,168,0.00206907027,,0.0106236087,0.0103123654
B,169,0.0020728241,,0.0104527399,0.00991741195
B,170,0.00201622024,0.619179,0.0123171275,0.010778117
B,171,0.00195791419,,0.0103769358,0.00957468152
B,172,0.00186212227,,0.0123565625,0.0114547303
B,173,0.00241855439,,0.0274197571,0.022576848
B,174,0.00185834736,,0.0063702031,0.00603430532
B,175,0.00207851214,0.602367,0.0109679382,0.0105285393
B,176,0.00241101739,,0.0133192148,0.0117755253
B,177,0.00211224009,,0.0200923607,0.0176228806
B,178,0.00208195305,,0.012017373,0.0118655441
B,179,0.00238016033,,0.0114542469,0.0109157683
B,180,0.00187911824,0.570859,0.00800662395,0.0073774443
B,181,0.0020388086,,0.0113102701,0.00975668151
B,182,0.00188956924,,0.0125415027,0.0119745675
B,183,0.00193933889,,0.013402842,0.0127019119
B,184,0.00200209874,,0.0109108165,0.00995452236
B,185,0.0018593864,0.288688,0.010623375,0.0105747124
B,186,0.00178632818,,0.00993448962,0.00895335339
B,187,0.0021582157,,0.00928797759,0.00919861626
B,188,0.00415801333,,0.0666700229,0.0320461728
B,189,0.00216365466,,0.0123616625,0.0109644113
B,190,0.00200517344,0.57938,0.0157278441,0.014284797
B,191,0.00176168029,,0.00776704401,0.00751794595
B,192,0.00194673068,,0.00740072038,0.00724933948
B,193,0.00180499567,,0.00861618761,0.00839442573
B,194,0.00237217503,,0.0404824428,0.0262124948
B,195,0.00202785391,0.428482,0.00987323653,0.00930022541
B,196,0.00208738443,,0.00996554364,0.00976225547
B,197,0.00274940157,,0.0110285627,0.00985889789
B,198,0.00208104739,,0.0246283002,0.0198881291
B,199,0.00179626807,,0.00825701095,0.00795562752
B,200,0.00177663805,0.415165,0.0122030517,0.0113182003
B,201,0.00180761617,,0.0144312978,0.0124047417
B,202,0.00188217093,,0.0238316637,0.0158946309
B,203,0.00258632901,,0.0426803157,0.0248275362
B,204,0.00194778669,,0.028680712,0.0190397482
B,205,0.00181269598,0.73171,0.0149385286,0.0131030502
B,206,0.00246207335,,0.0335274562,0.0217927638
B,207,0.00187034765,,0.0219102837,0.016045453
B,208,0.00227175783,,0.0310708228,0.0206060335
B,209,0.0018100354,,0.017134076,0.0131649747
B,210,0.00206631044,0.537273,0.0185897909,0.0131755872
B,211,0.00187161022,,0.0230038054,0.0147208031
B,212,0.00187478682,,0.0204955172,0.0162120238
B,213,0.00185418497,,0.0159181003,0.0126306657
B,214,0.00176344106,,0.0201163795,0.0141312554
B,215,0.00178682715,0.798336,0.0190791357,0.014951068
B,216,0.00192455433,,0.0147026256,0.0128645645
B,217,0.00187485205,,0.0199798327,0.0149746966
B,218,0.00201453059,,0.0241664313,0.0163082816
B,219,0.00219161323,,0.0235406626,0.0145497965
B,220,0.0016723102,1.629945,0.0167772416,0.0139673902
B,221,0.00189782028,,0.0255156644,0.0196494795
B,222,0.00207544672,,0.0187356975,0.0149396751
B,223,0.00194076321,,0.0224279407,0.0173104443
B,224,0.00173532784,,0.0156754479,0.0138743417
B,225,0.00179606478,0.779438,0.0165049024,0.0109826904
B,226,0.00271480637,,0.108154893,0.0301859677
B,227,0.00240056671,,0.0278549828,0.0184891224
B,228,0.00191297744,,0.0210086536,0.0157355927
B,229,0.00183365074,,0.0150543209,0.0126208793
B,230,0.00220493232,1.83126,0.0312794261,0.0209133532
B,231,0.00169673502,,0.0171773732,0.0141093861
B,232,0.00215029891,,0.0250582006,0.0163931567
B,233,0.00172760002,,0.0193408038,0.0161934402
B,234,0.00249883002,,0.0354141667,0.023705421
B,235,0.00190905848,1.081037,0.0268645585,0.0168012474
B,236,0.00218898246,,0.0255435295,0.0199999306
B,237,0.00187350863,,0.0149966525,0.0121957343
B,238,0.00169662469,,0.0200782605,0.0145914573
B,239,0.00194743707,,0.0173674114,0.0140776215
B,240,0.00207698615,0.500507,0.0198424626,0.014311376
B,241,0.00190335177,,0.0277926084,0.0187571906
B,242,0.00154133914,,0.0309724212,0.0169883929
B,243,0.00184691833,,0.0322957635,0.017968392
B,244,0.00172064539,,0.026365241,0.0179867931
B,245,0.00166494795,1.367619,0.0304832812,0.0181397181
B,246,0.00153654509,,0.0244527943,0.0138872014
B,247,0.00157329746,,0.0275786817,0.0161132254
B,248,0.00156383142,,0.0217492599,0.0138078136
B,249,0.00285938017,,0.0328601412,0.020084668
B,250,0.00171500176,1.8326,0.0348840244,0.0190202408
B,251,0.00169635078,,0.0261676814,0.016584849
B,252,0.00153612533,,0.0225919709,0.0136987586
B,253,0.00208886732,,0.0372688547,0.0222442187
B,254,0.00225206152,,0.0307053812,0.0175594985
B,255,0.00356838905,1.344241,0.127898976,0.0294609815
B,256,0.00155578428,,0.0283398144,0.0165981892
B,257,0.00170221726,,0.0303710308,0.0185768232
B,258,0.00169068451,,0.0339162052,0.0194413122
B,259,0.00168116659,,0.0326270238,0.0184837691
B,260,0.0014793538,1.498627,0.0238782838,0.0138039915
B,261,0.00160815286,,0.0289653149,0.015665533
B,262,0.00176891482,,0.0301254727,0.0177659076
B,263,0.00152714342,,0.0259223729,0.0164046939
B,264,0.00176536591,,0.0236938745,0.0155815901
B,265,0.00175613398,1.258702,0.0210920312,0.0145821106
B,266,0.0017473361,,0.0303442217,0.0176142137
B,267,0.00165705601,,0.0344228968,0.0216477476
B,268,0.00290832807,,0.0272857212,0.019736018
B,269,0.00176653647,,0.0441459715,0.0242299531
B,270,0.00156977743,0.788316,0.0331474319,0.0184666552
B,271,0.0016403051,,0.0224941988,0.0149425063
B,272,0.00157229261,,0.040847417,0.0216806177
B,273,0.00167626129,,0.0220776442,0.0144878775
B,274,0.00171260992,,0.0365790501,0.0200690608
B,275,0.00156075181,1.566009,0.0230355989,0.0165938605
B,276,0.0016548535,,0.0284732785,0.0167613532
B,277,0.00162939706,,0.0330612957,0.0185758825
B,278,0.00201279356,,0.0311000105,0.0193584859
B,279,0.00155283522,,0.0284161624,0.0147030307
B,280,0.00356142076,4.035736,0.062476635,0.0271074865
B,281,0.00155887029,,0.02605558,0.0165085774
B,282,0.00204379104,,0.0353296995,0.0199585669
B,283,0.00155974479,,0.0289683286,0.0159260295
B,284,0.00158761773,,0.0290423837,0.0179675482
B,285,0.00162367578,0.94963,0.0281086899,0.0171177201
B,286,0.00143426139,,0.0385850854,0.0192386489
B,287,0.00160638523,,0.02570251,0.0163713954
B,288,0.00159079816,,0.0335429981,0.0161187034
B,289,0.00155516838,,0.0260129161,0.0164490119
B,290,0.00157177886,1.202388,0.0227353834,0.0146246701
B,291,0.00150989598,,0.032092087,0.0211814679
B,292,0.00162109996,,0.0293304231,0.0173751302
B,293,0.00149468345,,0.0228146501,0.0125617739
B,294,0.00177894915,,0.0341456905,0.0219063796
B,295,0.00165941933,0.475017,0.0313477814,0.0189778022
B,296,0.0024225907,,0.0666136071,0.0278799646
B,297,0.00167249783,,0.0271111634,0.0167878233
B,298,0.00150516017,,0.0234829523,0.0147244977
B,299,0.00156478932,,0.0308922343,0.0157407504
B,300,0.00155264681,0.953933,0.0262232572,0.0149130253
B,301,0.00152346097,0.94243,0.0209123865,0.0116502913
B,302,0.00181625236,2.36663,0.0603156276,0.0233524684
B,303,0.00142950022,0.40992,0.0177378394,0.0123761138
B,304,0.00210834323,1.952384,0.054382842,0.0253463034
B,305,0.00147531934,0.364764,0.0212098733,0.0137113603
B,306,0.0017414106,0.52996,0.0177023336,0.0123788444
B,307,0.00155319212,0.421968,0.0220037159,0.0127889067
B,308,0.0014889457,1.20054,0.0225156471,0.0158003122
B,309,0.00165778617,0.714708,0.0193286184,0.012745088
B,310,0.00260121134,0.957647,0.0402217507,0.0274228118
B,311,0.00140566679,0.340503,0.0264835916,0.0155368242
B,312,0.00195139788,1.180752,0.026468724,0.0145722553
B,313,0.00169841611,0.589268,0.0242405217,0.0163862668
B,314,0.00140082175,0.444556,0.0131304059,0.00975740049
B,315,0.00136881251,0.529798,0.0216926374,0.0132320896
B,316,0.00146379577,0.705069,0.0211102981,0.0143842902
B,317,0.00147357686,0.70759,0.0177978855,0.0141432015
B,318,0.00148076509,0.607097,0.0231538266,0.0148775699
B,319,0.00147236771,0.35847,0.0163041037,0.0116804242
B,320,0.00145074253,0.615354,0.0168757699,0.0115273669
B,321,0.00167647271,1.086827,0.0197039954,0.0147994459
B,322,0.00194456439,1.222021,0.0511033162,0.0289422516
B,323,0.00154355999,0.668448,0.0177839622,0.0114454469
B,324,0.00144099745,0.535578,0.0189832151,0.012612544
B,325,0.00130751011,0.395836,0.0175356064,0.0116720581
B,326,0.00172404211,0.457122,0.0201716609,0.0123951007
B,327,0.00138728111,1.076319,0.0181276593,0.012322152
B,328,0.00140513364,1.836983,0.0391483717,0.020981038
B,329,0.00134998599,0.407631,0.0133331046,0.00910431799
B,330,0.00132892974,0.307641,0.0191453248,0.0124750063
B,331,0.00125592374,0.405337,0.0184331909,0.0103484783
B,332,0.00136234902,0.572598,0.015002152,0.0107924957
B,333,0.00129638947,0.367055,0.0119254775,0.00912971236
B,334,0.00129036162,0.377401,0.0226462036,0.012241073
B,335,0.00127563929,0.465094,0.0132734906,0.00995467789
B,336,0.00127034559,0.629736,0.0226727054,0.0145400316
B,337,0.00126053868,0.485673,0.0157804601,0.010848714
B,338,0.00128544211,0.411776,0.0185529683,0.013045473
B,339,0.00127223167,0.476851,0.0198392961,0.0109327603
B,340,0.00126424683,0.469733,0.0174668077,0.011860976
B,341,0.00126731577,0.387839,0.0125485156,0.00840440765
B,342,0.00123021774,0.397602,0.0141539667,0.0100541236
B,343,0.00124324694,0.425134,0.0120367911,0.00824930426
B,344,0.00122173798,0.48151,0.0183101185,0.0124148112
B,345,0.00126705193,0.556395,0.0200748648,0.0134017672
B,346,0.00121179165,0.574616,0.0190133788,0.011803994
B,347,0.00121707541,0.36263,0.0192124378,0.0134162558
B,348,0.00120561288,0.472734,0.0180885457,0.0124421548
B,349,0.00122991956,0.406725,0.0172896758,0.0107543552
B,350,0.00122388016,0.425089,0.0150814708,0.010466828
B,351,0.00123953198,0.422067,0.0128553603,0.00938387867
B,352,0.00122327863,0.398297,0.0147052435,0.0109782768
B,353,0.00122180153,0.464978,0.0106431739,0.00814984087
B,354,0.0012063304,0.391575,0.0183181278,0.0113978582
B,355,0.00122321943,0.43079,0.0166235864,0.0115692075
B,356,0.00120453416,0.502461,0.0221186094,0.0135679962
B,357,0.00119881592,0.464909,0.0159714241,0.0110657346
B,358,0.00119813997,0.510762,0.0255422592,0.0131189395
B,359,0.00120260317,0.42456,0.0173920076,0.0106162662
B,360,0.00119926592,0.463412,0.0175355859,0.0124198245
C,1,0.0240847814,,nan,nan
C,2,0.0197181246,,nan,nan
C,3,0.0130649104,,nan,nan
C,4,0.0109699739,,nan,nan
C,5,0.00987397792,,nan,nan
C,6,0.0112203452,,nan,nan
C,7,0.00779294631,,nan,nan
C,8,0.00804354036,,nan,nan
C,9,0.00663103786,,nan,nan
C,10,0.00645919463,,nan,nan
C,11,0.00609634537,,nan,nan
C,12,0.0061371839,,nan,nan
C,13,0.00589549001,,nan,nan
C,14,0.00574540017,,nan,nan
C,15,0.00581013541,,nan,nan
C,16,0.00536811442,,nan,nan
C,17,0.00526985396,,nan,nan
C,18,0.00599811378,,nan,nan
C,19,0.00521731762,,nan,nan
C,20,0.00526790891,,nan,nan
C,21,0.00499294525,,nan,nan
C,22,0.00528869286,,nan,nan
C,23,0.00488456472,,nan,nan
C,24,0.00496307322,,nan,nan
C,25,0.00445682705,,nan,nan
C,26,0.00453451761,,nan,nan
C,27,0.0042149025,,nan,nan
C,28,0.0046554389,,nan,nan
C,29,0.00407110012,,nan,nan
C,30,0.00387419467,,nan,nan
C,31,0.00468528614,,nan,nan
C,32,0.00568598822,,nan,nan
C,33,0.00642260991,,nan,nan
C,34,0.00423535888,,nan,nan
C,35,0.00371393299,,nan,nan
C,36,0.00460750301,,nan,nan
C,37,0.00372479266,,nan,nan
C,38,0.00363589163,,nan,nan
C,39,0.003426241,,nan,nan
C,40,0.00349878358,,nan,nan
C,41,0.00444427751,,0.0406165421,0.0216496214
C,42,0.0035886803,,0.034383148,0.00928539503
C,43,0.00365908328,,0.0204907693,0.0111191403
C,44,0.00394269323,,0.0138913263,0.012830806
C,45,0.00659397381,0.704969,0.0212630648,0.0157028474
C,46,0.00474274517,,0.0819462538,0.0148485871
C,47,0.00353063288,,0.0156667791,0.00870865025
C,48,0.00335939258,,0.0130349919,0.00887057465
C,49,0.00326685226,,0.113278747,0.0191474892
C,50,0.00339524352,1.261112,0.0422080234,0.0086465748
C,51,0.00371644267,,0.0270846225,0.0136622414
C,52,0.0032319315,,0.0242982917,0.00770569872
C,53,0.00673303408,,0.0398010872,0.0210743882
C,54,0.00414647152,,0.0178297199,0.008932014
C,55,0.00318956107,0.631365,0.0208539031,0.00874179415
C,56,0.00327993496,,0.0306702852,0.0161506198
C,57,0.00311978996,,0.0167438593,0.0112503972
C,58,0.00313582567,,0.141992673,0.0179060437
C,59,0.00298415187,,0.0168423094,0.00782079436
C,60,0.006007123,1.380666,0.133667186,0.0227061585
C,61,0.00325214472,,0.00928098429,0.00789259188
C,62,0.00303433564,,0.0207373351,0.0191502739
C,63,0.00292225866,,0.0214243513,0.0112056369
C,64,0.00308323298,,0.0111882798,0.00736750197
C,65,0.00292934377,0.560959,0.00705367327,0.00675199414
C,66,0.00300235325,,0.0130691845,0.00848870166
C,67,0.00290520298,,0.0119769303,0.00818854757
C,68,0.00310233626,,0.101283416,0.0137672247
C,69,0.00325625239,,0.0107362708,0.00906433351
C,70,0.00283880964,0.922602,0.0109430216,0.00818361528
C,71,0.0027146005,,0.0108719487,0.010269586
C,72,0.00286769214,,0.00586731359,0.00586731359
C,73,0.00355378,,0.117322028,0.0199525543
C,74,0.00301325551,,0.0281229131,0.0152144339
C,75,0.00293326292,0.673983,0.00828680675,0.00673662731
C,76,0.00314138691,,0.0127756018,0.0111471917
C,77,0.00263521779,,0.00783325545,0.00714418432
C,78,0.00274574603,,0.0163845625,0.00737689342
C,79,0.0026793838,,0.021078404,0.00868030824
C,80,0.00279757166,0.753874,0.017727688,0.00921996869
C,81,0.00546713695,,0.153003126,0.0314857252
C,82,0.00270289195,,0.0120766368,0.00903175771
C,83,0.00322669073,,0.0286247674,0.0192222018
C,84,0.00256962171,,0.0205972604,0.0110138655
C,85,0.00253129152,0.391894,0.00848983321,0.00662131375
C,86,0.00254731577,,0.0141701344,0.00885027088
C,87,0.00311251442,,0.0167784207,0.012639612
C,88,0.00244681916,,0.00658320636,0.00648884242
C,89,0.00239813613,,0.0119563555,0.00968813151
C,90,0.00357525289,1.170828,0.0305302497,0.0198135301
C,91,0.00253958371,,0.0349945351,0.0203020107
C,92,0.00251321352,,0.0180165879,0.0125937089
C,93,0.00271361566,,0.0352752134,0.0174529944
C,94,0.0024125393,,0.0661011934,0.0146671208
C,95,0.00227425822,0.813148,0.0206523836,0.00800157059
C,96,0.00229202238,,0.00992204435,0.00846135989
C,97,0.00377768855,,0.0325162783,0.020320341
C,98,0.00238809578,,0.0302898381,0.00885106903
C,99,0.00864081672,,0.140947461,0.0313577801
C,100,0.00252457972,0.578781,0.0146970181,0.00814249087
C,101,0.00249062189,,0.00911928713,0.00810472202
C,102,0.00366387912,,0.0497503057,0.0131634381
C,103,0.0024065722,,0.00913205184,0.00755546754
C,104,0.00266806959,,0.0209283866,0.00801832229
C,105,0.00289562452,0.789522,0.0116323326,0.00923503749
C,106,0.00223161104,,0.0260021649,0.0182644688
C,107,0.00243877909,,0.00676122587,0.00644619111
C,108,0.00227107766,,0.00625402387,0.00524857407
C,109,0.00213631531,,0.0538551323,0.0076620155
C,110,0.00239530183,0.875263,0.0154268984,0.0127988057
C,111,0.00227972067,,0.0260079149,0.00730718672
C,112,0.00228858502,,0.0184894446,0.0125659527
C,113,0.00218458908,,0.0231535006,0.00733015593
C,114,0.00244384347,,0.00853342656,0.00756253162
C,115,0.00241458402,1.722029,0.022669524,0.0116247069
C,116,0.00222390411,,0.0524169691,0.0147768483
C,117,0.00247091728,,0.0365176499,0.0119412178
C,118,0.00219323551,,0.023289185,0.0153756123
C,119,0.00255403184,,0.153894678,0.0255016945
C,120,0.00230227666,0.632365,0.0124985408,0.00750889117
C,121,0.00338936453,,0.044289045,0.0214654244
C,122,0.00336219518,,0.0509257242,0.0218630824
C,123,0.00264663677,,0.0249754265,0.0106221
C,124,0.00282557168,,0.0437019467,0.0211375393
C,125,0.00239773027,0.749644,0.0479809716,0.010776585
C,126,0.0021840388,,0.0365821235,0.0156250186
C,127,0.00292179601,,0.0190748293,0.0121540511
C,128,0.00208721502,,0.0257710181,0.0113023873
C,129,0.00207791909,,0.0116175963,0.0108468812
C,130,0.00197035363,1.639482,0.196030378,0.0241582785
C,131,0.00268957889,,0.0438745916,0.02244219
C,132,0.00207886866,,0.0259384625,0.0110523747
C,133,0.00343112338,,0.0521386787,0.0244479254
C,134,0.00219654864,,0.0469469652,0.0195718855
C,135,0.00212185854,0.960808,0.0179319717,0.0128594236
C,136,0.00201394985,,0.0193000734,0.015207028
C,137,0.00226153506,,0.0208380241,0.0147283496
C,138,0.00200652299,,0.03947597,0.0156231206
C,139,0.00205213561,,0.0173626915,0.0123688765
C,140,0.00201980817,0.489408,0.0113390293,0.00949933846
C,141,0.00210805658,,0.0167509075,0.0123550724
C,142,0.00207820459,,0.0198270269,0.0134599535
C,143,0.00242607063,,0.0125793442,0.0093271425
C,144,0.00343809279,,0.0543044694,0.0235520378
C,145,0.00226001647,1.314827,0.0267625246,0.0121200485
C,146,0.00218422446,,0.0219026078,0.014706837
C,147,0.00216069469,,0.0597933456,0.0217466876
C,148,0.00195571481,,0.0143700037,0.00819141697
C,149,0.00194902704,,0.011995526,0.0111257583
C,150,0.00194411474,0.933236,0.0247235224,0.0133087309
C,151,0.00188962346,,0.0119271958,0.00794694759
C,152,0.00242104773,,0.0267639048,0.017467577
C,153,0.00205545618,,0.0236506574,0.0123476163
C,154,0.00184271551,,0.0134578599,0.0122776935
C,155,0.0018071793,0.463695,0.0171546582,0.0105529726
C,156,0.00190878365,,0.0258677658,0.0183430985
C,157,0.00261840494,,0.0228757653,0.0180484913
C,158,0.00198822425,,0.020746164,0.0126405898
C,159,0.0028286247,,0.0302289277,0.0193498135
C,160,0.00178858399,0.680857,0.00771729648,0.00727150356
C,161,0.00200246366,,0.0226116627,0.015602353
C,162,0.00196296799,,0.0177252814,0.0140819717
C,163,0.00194568682,,0.0163186844,0.0117968041
C,164,0.00205509231,,0.0212290548,0.0152337551
C,165,0.00193064851,1.693607,0.0473556705,0.0235062595
C,166,0.00177637901,,0.0236732848,0.0138609884
C,167,0.00177722388,,0.0435039923,0.0139409946
C,168,0.00216686179,,0.0288958307,0.019454563
C,169,0.00179772105,,0.0226569287,0.0128487665
C,170,0.0029499287,1.618705,0.0502126925,0.0212332401
C,171,0.00192044738,,0.120013073,0.0241002049
C,172,0.00283800946,,0.0689652711,0.0263092518
C,173,0.00184714923,,0.0157456957,0.0119186817
C,174,0.00180000553,,0.0219958257,0.0103482436
C,175,0.00180284276,1.312732,0.0321082845,0.0127729373
C,176,0.00178737566,,0.024921488,0.0168908108
C,177,0.00217748606,,0.0255834702,0.0188213848
C,178,0.00216912417,,0.0648215562,0.0237792712
C,179,0.00563273169,,0.0566470623,0.0193797033
C,180,0.00171376545,0.863084,0.0157532971,0.0108953891
C,181,0.00194383737,,0.0350556448,0.0150010828
C,182,0.00209947728,,0.114930093,0.0270247497
C,183,0.00198377938,,0.0366216749,0.0167390406
C,184,0.0020853444,,0.0299779978,0.0195918567
C,185,0.00286421546,3.416598,0.0942332223,0.0197958462
C,186,0.00211318837,,0.0173006691,0.0137554007
C,187,0.00162802408,,0.018963078,0.0135187898
C,188,0.00213651928,,0.0531687923,0.0258486364
C,189,0.00178931586,,0.0129383979,0.0111958031
C,190,0.00185317913,0.638528,0.0492729209,0.0206728522
C,191,0.00175610487,,0.0315921567,0.0197632778
C,192,0.00189627944,,0.0236220676,0.0183889158
C,193,0.00168494225,,0.0143889692,0.0121257845
C,194,0.00188820698,,0.0240983106,0.014868265
C,195,0.00168539229,0.922037,0.0118553331,0.00974375103
C,196,0.00196916498,,0.0279169939,0.0177908801
C,197,0.00183423186,,0.0151614668,0.0129371108
C,198,0.0025714817,,0.033410985,0.0235399399
C,199,0.00179066249,,0.0183405261,0.014366922
C,200,0.00309308242,1.538694,0.185295731,0.0305087622
C,201,0.00169179335,,0.0322232135,0.0175722335
C,202,0.00187702974,,0.0849763304,0.0191590898
C,203,0.00213859139,,0.133255288,0.0212297626
C,204,0.00282775516,,0.124958277,0.0261914432
C,205,0.00179997737,1.258792,0.0444951579,0.0207398497
C,206,0.00369869542,,0.0643869862,0.0254813023
C,207,0.001660377,,0.0479590669,0.0189789701
C,208,0.00178050827,,0.0437348448,0.0215121843
C,209,0.00194151157,,0.0416914932,0.0201114416
C,210,0.00162451607,2.675415,0.0550686903,0.0199548863
C,211,0.00183871659,,0.0491403714,0.0232985653
C,212,0.00162010781,,0.0333789364,0.0206802115
C,213,0.00195242785,,0.0880759731,0.0247950833
C,214,0.00194842949,,0.0580752008,0.0193341002
C,215,0.00213253534,1.455713,0.0318658985,0.0202142745
C,216,0.00158888134,,0.0465918817,0.0181814395
C,217,0.00593915186,,0.408078283,0.0317872092
C,218,0.00226819342,,0.0355709307,0.0190255605
C,219,0.00167325019,,0.0584761687,0.0167325586
C,220,0.00154571286,0.493672,0.0278390702,0.019188989
C,221,0.00175373499,,0.0465359911,0.0174995977
C,222,0.00172632966,,0.0615502484,0.0176193621
C,223,0.00170120618,,0.0349387303,0.0188415144
C,224,0.00179430104,,0.0350147597,0.0182975046
C,225,0.00167312352,0.875581,0.0432224274,0.0184146892
C,226,0.00160387405,,0.062747255,0.0182305444
C,227,0.00170679937,,0.0390897505,0.0187108219
C,228,0.00163365288,,0.0557646863,0.021523688
C,229,0.00159717874,,0.0624319986,0.0183400009
C,230,0.00182615073,2.3162,0.0666443631,0.0257616285
C,231,0.0018632053,,0.0302082486,0.0208034758
C,232,0.00187895884,,0.0575732999,0.017233992
C,233,0.00247537606,,0.0375014469,0.0205215253
C,234,0.00186348167,,0.0434245132,0.0230978969
C,235,0.00176064449,1.013494,0.0555099249,0.0183974765
C,236,0.00159159353,,0.0536480956,0.0193936266
C,237,0.00165955498,,0.0418787114,0.0183371361
C,238,0.00172444122,,0.0665763095,0.0191353671
C,239,0.00167096788,,0.0667660609,0.0202993676
C,240,0.00150422102,2.252529,0.0600732453,0.020954933
C,241,0.0015678335,,0.039788276,0.0190489758
C,242,0.0015252056,,0.0413872264,0.0180978738
C,243,0.00157730186,,0.0732548684,0.0194681101
C,244,0.00169150217,,0.0582499728,0.0178398266
C,245,0.00165435237,2.094488,0.09802977,0.0258883592
C,246,0.00191756551,,0.398695827,0.0279924832
C,247,0.00185501623,,0.0756214708,0.0217956342
C,248,0.00168312681,,0.0653843209,0.0204126146
C,249,0.00162852612,,0.0435042232,0.0179424603
C,250,0.00153276584,3.419994,0.180188045,0.0226020068
C,251,0.00166088201,,0.0804226622,0.0206237752
C,252,0.00168858391,,0.12866959,0.0245764013
C,253,0.00171573642,,0.095814079,0.0243303813
C,254,0.00161017334,,0.0453097448,0.0189313311
C,255,0.00177563622,0.981629,0.053276699,0.0195472576
C,256,0.00148693006,,0.144807577,0.0225221403
C,257,0.00152595259,,0.0528003685,0.0208653249
C,258,0.00159973537,,0.058958672,0.0235054605
C,259,0.00156548779,,0.0460051857,0.0196664799
C,260,0.00149848623,1.643828,0.0734841004,0.0191921219
C,261,0.00158955704,,0.113216043,0.0211385339
C,262,0.00204175483,,0.0589143559,0.0225009881
C,263,0.00169784889,,0.122147799,0.018820202
C,264,0.001536218,,0.0410791412,0.0169904567
C,265,0.00154036229,1.430429,0.0492009223,0.0193597637
C,266,0.00168818371,,0.0786479637,0.0204714928
C,267,0.0016209847,,0.0480612591,0.0247747339
C,268,0.00153050477,,0.0687915832,0.0210679956
C,269,0.00154295512,,0.0768174604,0.0198953692
C,270,0.00168788046,3.147943,0.0982777327,0.0277014561
C,271,0.00173910879,,0.0657821447,0.0205971245
C,272,0.00184225205,,0.060306035,0.0219111275
C,273,0.00150498549,,0.0861153677,0.0193776283
C,274,0.00152855649,,0.0703289062,0.0192850437
C,275,0.00162294756,1.341877,0.0761349797,0.0257873051
C,276,0.00145800411,,0.0745644346,0.0214929581
C,277,0.00265530924,,0.0742970034,0.0246104263
C,278,0.00197474742,,0.124896862,0.0208697263
C,279,0.00157979319,,0.0552148893,0.0176768266
C,280,0.00153598356,2.34,0.0832701698,0.021647105
C,281,0.00209184079,,0.0867446736,0.0243121143
C,282,0.00147997101,,0.10139215,0.0213684868
C,283,0.0015105198,,0.0555850081,0.0204841215
C,284,0.00148101387,,0.0878111869,0.0229739211
C,285,0.00181623214,1.006225,0.0901865959,0.0250530392
C,286,0.00170605779,,0.147227019,0.0237246808
C,287,0.00162691806,,0.157402605,0.0247963462
C,288,0.00156471043,,0.0772979259,0.0181809776
C,289,0.00176069121,,0.0525168702,0.026691664
C,290,0.00153143601,1.507027,0.0414529108,0.017808143
C,291,0.00166325936,,0.0910199657,0.0250226445
C,292,0.00146117718,,0.0555559099,0.0229561478
C,293,0.00149501417,,0.0754059926,0.0190183707
C,294,0.00149047799,,0.072990194,0.0204193518
C,295,0.00168721031,0.696787,0.0670176446,0.0191148035
C,296,0.00160466751,,0.144724086,0.0240946412
C,297,0.00154109624,,0.106701232,0.0218874328
C,298,0.00146301352,,0.0695058629,0.0201549642
C,299,0.00155761676,,0.128519207,0.0227921344
C,300,0.00182786616,0.516986,0.0652192757,0.0271598846
C,301,0.00166321008,0.516955,0.0470353626,0.0202756003
C,302,0.00186769215,1.291902,0.0347065292,0.0187677387
C,303,0.00251387679,1.095438,0.0365821309,0.0214782525
C,304,0.00152380467,0.273075,0.0465605669,0.0198867414
C,305,0.00156616654,1.016379,0.0496963933,0.0233869385
C,306,0.00143893544,0.757481,0.0325035341,0.0156777613
C,307,0.00139237707,0.863991,0.0490007773,0.0168883465
C,308,0.00139250008,1.026292,0.0620847121,0.0155359609
C,309,0.00156326282,1.162764,0.0504607074,0.0176536404
C,310,0.00161270996,0.704524,0.0546275154,0.020378368
C,311,0.00140834544,0.294961,0.0402724482,0.016839724
C,312,0.0015262306,1.507425,0.0537370034,0.0180910602
C,313,0.00155969187,0.710164,0.0369746387,0.017830722
C,314,0.00155150942,1.062386,0.0261027962,0.0124678323
C,315,0.00163070372,0.47584,0.0655203536,0.0198033974
C,316,0.00139828537,0.292267,0.0469644479,0.0190374684
C,317,0.00160216452,1.040137,0.051089555,0.0196375903
C,318,0.00136913135,1.068541,0.0519018881,0.0157350227
C,319,0.00144917408,0.895019,0.0665620938,0.0201248713
C,320,0.001448809,1.088472,0.0432726331,0.0168281663
C,321,0.00136777622,1.060146,0.0345466956,0.0148274107
C,322,0.0014126579,0.377123,0.0352573395,0.0178519581
C,323,0.00129265493,0.602928,0.0481359661,0.0134913493
C,324,0.00153653621,1.517551,0.0474485978,0.0227585863
C,325,0.00130275258,0.925141,0.0600559637,0.0162421223
C,326,0.00137714061,0.499475,0.0511623137,0.0165690146
C,327,0.00128724274,0.339389,0.0364726111,0.0149572045
C,328,0.0013659731,1.326568,0.0599162579,0.019528307
C,329,0.00131515463,0.847805,0.0336531587,0.0123524973
C,330,0.00135426372,1.149886,0.0560944602,0.0198964942
C,331,0.0013058127,0.425451,0.051871568,0.0135045554
C,332,0.00132776999,0.339321,0.0363919474,0.014750177
C,333,0.00130586502,0.730602,0.0279018693,0.0139665036
C,334,0.00133107842,0.53148,0.0861173496,0.0185486525
C,335,0.00127675904,0.434063,0.0421529934,0.0145884827
C,336,0.00127564482,1.045263,0.0558793731,0.0173864514
C,337,0.00130885376,0.369682,0.0249372423,0.0137340408
C,338,0.00127776336,0.770502,0.053350538,0.0169735067
C,339,0.00123210487,0.229047,0.0450865999,0.0144724827
C,340,0.00128099027,0.286948,0.0413898155,0.0163391382
C,341,0.00122925903,0.221618,0.0294631068,0.0124542397
C,342,0.00125200333,0.26027,0.0322270505,0.0151681546
C,343,0.00124327578,0.532232,0.0241924915,0.0125266612
C,344,0.00121967776,0.388147,0.0360111371,0.0151451528
C,345,0.00123642601,0.435773,0.0522296354,0.0154958991
C,346,0.00121389225,0.405928,0.04785382,0.0139761269
C,347,0.00119555414,0.33492,0.0485631451,0.0169390235
C,348,0.00121022594,0.333805,0.0394461378,0.0165638458
C,349,0.00120285489,0.24092,0.0546538159,0.0168634169
C,350,0.00120272812,0.262942,0.0412100703,0.0142848017
C,351,0.00119514352,0.254124,0.0300606247,0.0140009616
C,352,0.00119856835,0.320972,0.0407275148,0.0161790513
C,353,0.00120242564,0.197508,0.0258992072,0.0121749993
C,354,0.00119555534,0.209047,0.0430669226,0.0147482697
C,355,0.0011932322,0.25092,0.0403050855,0.0163495056
C,356,0.00118139097,0.219605,0.0569302514,0.0178890098
C,357,0.00119924327,0.209427,0.0452149995,0.0159367882
C,358,0.00119083851,0.224459,0.0623065121,0.0157373995
C,359,0.00119861913,0.253826,0.0443514474,0.0132805314
C,360,0.00118452233,0.206586,0.0470404662,0.0177228432
D,1,0.0198056418,,nan,nan
D,2,0.0135106029,,nan,nan
D,3,0.0103508687,,nan,nan
D,4,0.00966279606,,nan,nan
D,5,0.0151957403,,nan,nan
D,6,0.0100357149,,nan,nan
D,7,0.00724563594,,nan,nan
D,8,0.0065611834,,nan,nan
D,9,0.00627626386,,nan,nan
D,10,0.00939344802,,nan,nan
D,11,0.00705523313,,nan,nan
D,12,0.0056056861,,nan,nan
D,13,0.00646589894,,nan,nan
D,14,0.00552409419,,nan,nan
D,15,0.00507704008,,nan,nan
D,16,0.00492490102,,nan,nan
D,17,0.00595560885,,nan,nan
D,18,0.00486205889,,nan,nan
D,19,0.00532751413,,nan,nan
D,20,0.004830806,,nan,nan
D,21,0.0044942467,,nan,nan
D,22,0.00456057489,,nan,nan
D,23,0.00443548209,,nan,nan
D,24,0.00432027249,,nan,nan
D,25,0.00406811067,,nan,nan
D,26,0.00441204427,,nan,nan
D,27,0.00463972269,,nan,nan
D,28,0.00424545925,,nan,nan
D,29,0.00391497172,,nan,nan
D,30,0.00531890213,,nan,nan
D,31,0.00380721595,,nan,nan
D,32,0.00362054411,,nan,nan
D,33,0.00381902082,,nan,nan
D,34,0.00454109409,,nan,nan
D,35,0.00354080396,,nan,nan
D,36,0.00351472323,,nan,nan
D,37,0.00356026165,,nan,nan
D,38,0.00347709838,,nan,nan
D,39,0.00386943177,,nan,nan
D,40,0.00330026935,,nan,nan
D,41,0.00540315931,,0.0130858226,0.0128693506
D,42,0.0034960007,,0.00511055579,0.00511055579
D,43,0.00475599572,,0.0118164802,0.0118164802
D,44,0.00349364619,,0.00342908129,0.00342908129
D,45,0.00336286164,0.818337,0.00553309452,0.00553309452
D,46,0.00321137174,,0.00409989338,0.00409989338
D,47,0.00378966716,,0.0102358563,0.00980837457
D,48,0.00374770159,,0.013231134,0.0128107397
D,49,0.00342182531,,0.00312420749,0.00312420749
D,50,0.00346336792,0.576873,0.00419388153,0.00419388153
D,51,0.0031202,,0.00407427456,0.00407427456
D,52,0.00325150995,,0.00538217556,0.00538217556
D,53,0.00461230534,,0.00889716484,0.00889716484
D,54,0.00294944858,,0.00274187815,0.00274187815
D,55,0.00486356348,1.604258,0.010928886,0.010928886
D,56,0.00402683474,,0.00595602114,0.00595602114
D,57,0.00285286373,,0.00543445582,0.00543445582
D,58,0.00365419759,,0.00321720983,0.00321720983
D,59,0.00300033981,,0.00456047151,0.00456047151
D,60,0.00345483827,1.446903,0.00642256811,0.00642256811
D,61,0.00318279508,,0.00548546948,0.00548546948
D,62,0.00335889701,,0.00413900753,0.00413900753
D,63,0.00489407079,,0.0068567968,0.0068567968
D,64,0.00304341619,,0.00456702244,0.00456702244
D,65,0.00401643485,1.817632,0.0143212173,0.0141050639
D,66,0.00429520426,,0.00714522507,0.00714522507
D,67,0.00290138855,,0.0027832333,0.0027832333
D,68,0.00284616485,,0.00404300122,0.00404300122
D,69,0.00352942679,,0.00596750295,0.00596750295
D,70,0.00323280132,0.942934,0.00614128402,0.00614128402
D,71,0.00270250646,,0.0046583768,0.0046583768
D,72,0.00347416844,,0.00759180496,0.00759180496
D,73,0.00308131437,,0.00333323143,0.00333323143
D,74,0.00268683404,,0.00267193746,0.00267193746
D,75,0.00256574904,0.67276,0.00243481621,0.00243481621
D,76,0.002928012,,0.0041575958,0.0041575958
D,77,0.00275423641,,0.00217925897,0.00217925897
D,78,0.00260696512,,0.0018021625,0.0018021625
D,79,0.00248970409,,0.00240711682,0.00240711682
D,80,0.00217653991,0.390723,0.00164764002,0.00164764002
D,81,0.00453803861,,0.0221342631,0.021754656
D,82,0.00259829456,,0.00403535087,0.00403535087
D,83,0.0024700017,,0.00710827857,0.00710827857
D,84,0.00283882676,,0.00667355349,0.00667355349
D,85,0.0023715088,0.753459,0.00450896751,0.00450896751
D,86,0.00286772913,,0.00799241848,0.00780840591
D,87,0.00465636563,,0.012172224,0.0118396208
D,88,0.00233348848,,0.00778957084,0.00771508086
D,89,0.00220907603,,0.00308584934,0.00308584934
D,90,0.00224441396,0.589318,0.00314358482,0.00314358482
D,91,0.00246722926,,0.00267788209,0.00267788209
D,92,0.00267443593,,0.0113679338,0.0113660637
D,93,0.00228451288,,0.00524075422,0.00516870152
D,94,0.0035667537,,0.00709297415,0.00709297415
D,95,0.00226186013,0.776829,0.00367479958,0.00367479958
D,96,0.00770061647,,0.090723075,0.0329351723
D,97,0.0021775738,,0.0037681337,0.0037681337
D,98,0.0024402929,,0.00286182715,0.00286182715
D,99,0.00237952594,,0.00392891979,0.00392891979
D,100,0.00228220054,0.608775,0.00544014806,0.00544014806
D,101,0.00312646697,,0.00839856826,0.00839856826
D,102,0.00214219738,,0.00335231284,0.00335231284
D,103,0.00214598479,,0.00344386091,0.00344386091
D,104,0.0022391795,,0.00275721564,0.00275721564
D,105,0.00238619719,0.544716,0.00681160111,0.00681160111
D,106,0.00223043,,0.00448631495,0.00448631495
D,107,0.00256279973,,0.0027481229,0.0027481229
D,108,0.00206877124,,0.00350104412,0.00350104412
D,109,0.00200968063,,0.00273199123,0.00273199123
D,110,0.00201869578,0.70212,0.00927216746,0.00922824536
D,111,0.00213888113,,0.00492726034,0.00492726034
D,112,0.00212497227,,0.0025690482,0.0025690482
D,113,0.00251120419,,0.00603134977,0.00603134977
D,114,0.00444114994,,0.0140969884,0.0140602393
D,115,0.00228560713,0.479555,0.0065760063,0.0065760063
D,116,0.00200759942,,0.0025039115,0.0025039115
D,117,0.0021032509,,0.00355702452,0.00355702452
D,118,0.00272397217,,0.00578477839,0.00578477839
D,119,0.00187824452,,0.00277298084,0.00277298084
D,120,0.00220030663,0.51969,0.00269349269,0.00269349269
D,121,0.00244676304,,0.0073698638,0.0073698638
D,122,0.0020610659,,0.00661009457,0.00661009457
D,123,0.00214004156,,0.00368259475,0.00368259475
D,124,0.00179178478,,0.0036616486,0.0036616486
D,125,0.00223802948,0.320985,0.00603847299,0.00603847299
D,126,0.00199774798,,0.00677204737,0.00677204737
D,127,0.00192352808,,0.00657494506,0.00657494506
D,128,0.00214586933,,0.00374944741,0.00374944741
D,129,0.00341809713,,0.0514158495,0.0291432254
D,130,0.00186138035,0.41308,0.00637419149,0.00637419149
D,131,0.00177029976,,0.00479676854,0.00479676854
D,132,0.00209578701,,0.00407577213,0.00407577213
D,133,0.00182980825,,0.00594139379,0.00594139379
D,134,0.00333473999,,0.024737956,0.0214817766
D,135,0.00232729132,1.402875,0.0083268797,0.0083268797
D,136,0.0019819217,,0.00434858259,0.00434858259
D,137,0.00207170197,,0.00539951026,0.00539951026
D,138,0.00221469166,,0.00604336243,0.00604336243
D,139,0.00208639496,,0.00637695566,0.00637695566
D,140,0.0017976304,0.439699,0.0044937362,0.0044937362
D,141,0.00288383299,,0.0130923716,0.0129396301
D,142,0.00256812969,,0.00534756016,0.00534756016
D,143,0.00213786935,,0.00603515841,0.00603515841
D,144,0.00221818015,,0.00769684184,0.00769684184
D,145,0.00191508139,0.451554,0.00461984519,0.00461984519
D,146,0.00258450808,,0.0105771264,0.0105771264
D,147,0.00222077504,,0.00410339888,0.00410339888
D,148,0.00193854238,,0.0113912039,0.010934094
D,149,0.0020487821,,0.00914266519,0.00914266519
D,150,0.00174198638,0.451592,0.00475933449,0.00475933449
D,151,0.00198390041,,0.00533961877,0.00533961877
D,152,0.00223821417,,0.0160233583,0.0159824882
D,153,0.00185777587,,0.00527503761,0.00527503761
D,154,0.00187170726,,0.00522109587,0.00522109587
D,155,0.00211580744,0.756149,0.0104491999,0.0104491999
D,156,0.0018991542,,0.00604835199,0.00604835199
D,157,0.00180462476,,0.0060248035,0.0060248035
D,158,0.00273459835,,0.00756497774,0.00756497774
D,159,0.00206357189,,0.00831536576,0.00827558991
D,160,0.00175272813,0.849982,0.00434795441,0.00434795441
D,161,0.00170969817,,0.0111645795,0.0110691404
D,162,0.00166269055,,0.00717242574,0.00717242574
D,163,0.00183381551,,0.0100329053,0.0100329053
D,164,0.00168921973,,0.00628687954,0.00628687954
D,165,0.00201192486,1.472027,0.00644060317,0.00630208384
D,166,0.00228322259,,0.0112905893,0.0112905893
D,167,0.00165886143,,0.00762061542,0.00748565188
D,168,0.00333425437,,0.0200493224,0.0187994428
D,169,0.00215010775,,0.0133982394,0.0130242351
D,170,0.00173482774,0.47047,0.0109548941,0.0106608942
D,171,0.00197319635,,0.013021132,0.0127442824
D,172,0.00166370556,,0.00620489474,0.00620489474
D,173,0.00169191862,,0.0124714719,0.012242334
D,174,0.00178142885,,0.00647588167,0.00640200963
D,175,0.00184642453,0.794985,0.0132423285,0.0128191989
D,176,0.00182635318,,0.0158303939,0.0150834518
D,177,0.00181607601,,0.00818776619,0.00809869356
D,178,0.00247675446,,0.00467223208,0.00467223208
D,179,0.00181381971,,0.0179025475,0.0164751522
D,180,0.00162043923,0.487082,0.00429818267,0.00429818267
D,181,0.00182539003,,0.00579512771,0.00579512771
D,182,0.00191714197,,0.00915759616,0.00915759616
D,183,0.00177338671,,0.00620904099,0.00620904099
D,184,0.00152466552,,0.00496156421,0.0049127643
D,185,0.00169769957,0.518683,0.00544068962,0.00544068962
D,186,0.00151481607,,0.00613198429,0.00609806599
D,187,0.00175072182,,0.0112020485,0.0110752331
D,188,0.00159483633,,0.00711834431,0.00711829681
D,189,0.00231803158,,0.00808656402,0.00808656402
D,190,0.00153225508,0.311887,0.0114525696,0.0113145579
D,191,0.00203602716,,0.0118651325,0.0118651325
D,192,0.00166798075,,0.013079864,0.0126383128
D,193,0.00214347239,,0.0186821874,0.0178402588
D,194,0.00147892088,,0.00890367106,0.00890367106
D,195,0.00149191282,1.415132,0.0141652767,0.0138398185
D,196,0.00145317132,,0.00576057239,0.00576057239
D,197,0.00213330945,,0.0249612145,0.020415742
D,198,0.00158439186,,0.00457068952,0.00457068952
D,199,0.00170145965,,0.0174493194,0.0161981992
D,200,0.00167436588,0.650907,0.0124671273,0.0122850891
D,201,0.00212727052,,0.0208574571,0.0179753676
D,202,0.00189400672,,0.00872096978,0.00872096978
D,203,0.00250962629,,0.0142119722,0.0139912246
D,204,0.00146000291,,0.00607452635,0.00607452635
D,205,0.00167781573,2.161467,0.0079742875,0.00734121818
D,206,0.00140865044,,0.00956099294,0.00956099294
D,207,0.00158643536,,0.0142401364,0.0137765808
D,208,0.00157554876,,0.018350292,0.0178499278
D,209,0.00170241957,,0.0127428053,0.0124092652
D,210,0.00221226788,2.862271,0.0604781285,0.0260839947
D,211,0.00157111856,,0.0125736017,0.0119959936
D,212,0.00152358034,,0.00912012812,0.0088511128
D,213,0.0013745707,,0.00815540366,0.00806485582
D,214,0.00189715791,,0.0156432278,0.014999548
D,215,0.00155467497,0.474707,0.0103868591,0.0103868591
D,216,0.00145936586,,0.0113472566,0.0108348336
D,217,0.00151237833,,0.00840175338,0.00840175338
D,218,0.00242142291,,0.0088129323,0.00866402593
D,219,0.00142999128,,0.00795658492,0.00773762446
D,220,0.00171170862,1.463036,0.0165327489,0.0163427647
D,221,0.00160324607,,0.0126389144,0.0126205776
D,222,0.00164961582,,0.0128998663,0.0127020534
D,223,0.00158502437,,0.0106005818,0.0105785187
D,224,0.00175783276,,0.0102587612,0.0101913
D,225,0.00153577625,1.134328,0.0109100053,0.0106245847
D,226,0.00177142276,,0.0323830545,0.0243951976
D,227,0.00144400685,,0.0081166029,0.0081166029
D,228,0.00150142616,,0.0102156149,0.0102156149
D,229,0.00157921718,,0.0188346431,0.018220555
D,230,0.00155273185,1.421306,0.0175501127,0.0163258035
D,231,0.00163871967,,0.00974155404,0.00963973347
D,232,0.0013778438,,0.00753634935,0.00753634935
D,233,0.00170261312,,0.0128499288,0.0123517988
D,234,0.00159747562,,0.0126383957,0.0123017896
D,235,0.00143981134,1.433743,0.0109079853,0.0109079853
D,236,0.00199605309,,0.0233239681,0.0217268858
D,237,0.00146434425,,0.00833498128,0.00833498128
D,238,0.00142597284,,0.00731490413,0.00721253315
D,239,0.0015000298,,0.00716625992,0.00716625992
D,240,0.00141009619,1.001906,0.0076237903,0.0076237903
D,241,0.00162176739,,0.019655183,0.0184669718
D,242,0.0013694775,,0.0131137874,0.0114480574
D,243,0.00146774636,,0.0199451018,0.0175570585
D,244,0.00137594064,,0.00889560487,0.00855665002
D,245,0.00137390603,0.920871,0.0106787672,0.0106198508
D,246,0.00145489409,,0.014189221,0.0132663567
D,247,0.00161269054,,0.0150628835,0.0129583227
D,248,0.00140542037,,0.00782899559,0.00772040943
D,249,0.00163254687,,0.010188533,0.010158468
D,250,0.0017792379,2.952271,0.0151131703,0.014717537
D,251,0.0027951484,,0.0882905796,0.0313259028
D,252,0.00171944432,,0.0224657487,0.0194570869
D,253,0.00157438764,,0.0164659638,0.014998151
D,254,0.00137238149,,0.0100947944,0.00974034518
D,255,0.00170199602,3.128214,0.0339260474,0.0205660127
D,256,0.00156149107,,0.0232042857,0.0193577465
D,257,0.00151071013,,0.0243595745,0.0174924172
D,258,0.00149374766,,0.00886745937,0.00875853281
D,259,0.00152728779,,0.0150235966,0.0141335307
D,260,0.00144018365,0.905788,0.0203728192,0.0184036829
D,261,0.0013800532,,0.0141141508,0.0132069085
D,262,0.00174020868,,0.0179920401,0.0168993529
D,263,0.00139369,,0.0110195186,0.00996393152
D,264,0.00143803353,,0.00724527845,0.00724527845
D,265,0.00131792343,0.701404,0.00761110801,0.00761110801
D,266,0.001574377,,0.0175105594,0.0153730363
D,267,0.00144466823,,0.0146059571,0.0142641012
D,268,0.00267667749,,0.0655345917,0.0285990648
D,269,0.00138155692,,0.0100517552,0.00999167096
D,270,0.00134763161,0.439269,0.00836611446,0.00822201557
D,271,0.0012732235,,0.00916690286,0.00911116228
D,272,0.00162120607,,0.0138393939,0.0125028845
D,273,0.00162015553,,0.013123177,0.0130217355
D,274,0.00135904719,,0.0133280102,0.0130535718
D,275,0.00164064596,0.727195,0.0199992172,0.017879473
D,276,0.00159780707,,0.00908704847,0.00903165806
D,277,0.00144266546,,0.0134628965,0.0130053665
D,278,0.00130122475,,0.010592401,0.00980302505
D,279,0.00139247344,,0.0160866771,0.0152899595
D,280,0.00162881862,2.717291,0.0184024535,0.0173455328
D,281,0.00139593343,,0.0102585396,0.0101875179
D,282,0.00181129498,,0.0143681783,0.0135298669
D,283,0.00131851544,,0.00970459636,0.00949026551
D,284,0.00135446035,,0.0101387538,0.0100601921
D,285,0.00150675218,1.318907,0.0145526258,0.0143804457
D,286,0.00124419915,,0.0105432626,0.00942547061
D,287,0.00130490214,,0.00794717297,0.00792881753
D,288,0.00117688363,,0.010190241,0.00993384141
D,289,0.00132476821,,0.0105544627,0.0104328124
D,290,0.00131478775,0.596053,0.0076148184,0.00733741885
D,291,0.00131308347,,0.00764035527,0.00763920089
D,292,0.0012107929,,0.0255894028,0.0187669881
D,293,0.00133984547,,0.0137224272,0.0125412
D,294,0.00137794029,,0.00779957604,0.00779441278
D,295,0.00138348993,2.978332,0.0177746378,0.0156511329
D,296,0.00147603049,,0.0121524688,0.0117501328
D,297,0.00152083282,,0.0227943268,0.0188891534
D,298,0.0016614662,,0.0166470408,0.0158518013
D,299,0.00131585897,,0.0149461133,0.014227679
D,300,0.00124583952,1.648796,0.0167457722,0.0155962463
D,301,0.00117988205,0.694137,0.00946622994,0.00924203452
D,302,0.00119932888,0.519957,0.0103410501,0.00995746348
D,303,0.00127148931,1.018305,0.00764748594,0.00761366636
D,304,0.00141468474,1.196821,0.00846001506,0.00846001506
D,305,0.00122500687,0.28724,0.00734846573,0.00734846573
D,306,0.00125474367,0.613215,0.0101683568,0.00952733681
D,307,0.00137745776,0.910243,0.0124317678,0.0118835596
D,308,0.00123082527,0.452392,0.00807870366,0.00770389428
D,309,0.00121551424,0.191581,0.00605830085,0.00599108078
D,310,0.00130704531,0.320058,0.00831319857,0.00831319857
D,311,0.00138823832,0.759675,0.0129443351,0.0125829475
D,312,0.00120479813,0.650817,0.00871406775,0.00864038058
D,313,0.00123931094,0.306857,0.0200503599,0.0158712212
D,314,0.00117222512,0.631594,0.00525667053,0.00496356469
D,315,0.00147445575,0.32011,0.0227513872,0.0211377703
D,316,0.00126094035,0.508509,0.00778828841,0.00772035867
D,317,0.00116206294,0.614948,0.00703728059,0.00703728059
D,318,0.00124182951,0.432868,0.00772672379,0.00751140947
D,319,0.00122872003,0.550601,0.00837781094,0.0083223572
D,320,0.00117428463,0.875352,0.00753188878,0.00753188878
D,321,0.00115823346,0.447115,0.0122378832,0.0109695615
D,322,0.00113136232,0.222572,0.00474984571,0.00474984571
D,323,0.00117871264,0.19446,0.00651700189,0.00651700189
D,324,0.00119161439,0.261245,0.00615008082,0.00613284251
D,325,0.00119551746,0.232088,0.00485820416,0.00485820416
D,326,0.00127414635,1.096088,0.0127293514,0.012344582
D,327,0.00114930581,0.867245,0.00661772955,0.00661772955
D,328,0.00116927602,0.997142,0.0113247717,0.0108974269
D,329,0.00137632582,0.669807,0.0121694757,0.0119618457
D,330,0.00116455346,0.340846,0.00815224089,0.0078642685
D,331,0.00119733966,0.284173,0.00701336423,0.00672618439
D,332,0.00113097351,0.152712,0.00452220533,0.00452220533
D,333,0.00109228742,0.293497,0.00466644811,0.00466644811
D,334,0.00113712606,0.269658,0.00555745885,0.00555745885
D,335,0.00117655883,0.323861,0.00649743062,0.00649743062
D,336,0.00107454217,0.275047,0.00847516116,0.00800220203
D,337,0.00109595385,0.163142,0.00410785573,0.00410785573
D,338,0.0010961193,0.363331,0.00440310175,0.00440310175
D,339,0.00107102593,0.455622,0.00796933752,0.00766780972
D,340,0.00111869471,0.349413,0.00519388029,0.00519388029
D,341,0.00111674648,0.166359,0.00372663653,0.00372663653
D,342,0.00106427905,0.188624,0.00438349415,0.00433569495
D,343,0.00106541954,0.256641,0.00718223536,0.00691896537
D,344,0.00107803474,0.297682,0.00523218233,0.00523218233
D,345,0.00104928962,0.166363,0.00451107975,0.00451107975
D,346,0.00107096145,0.16375,0.00428508315,0.00428508315
D,347,0.00106257302,0.147557,0.00516013661,0.00516013661
D,348,0.00106536572,0.185529,0.00340085546,0.00340085546
D,349,0.00106889889,0.264747,0.00438792538,0.00438792538
D,350,0.00105504283,0.174062,0.00429832796,0.00429832796
D,351,0.00103497554,0.196733,0.00317169284,0.00317169284
D,352,0.00103433494,0.17471,0.00383170624,0.00383170624
D,353,0.00105307088,0.156865,0.003669339,0.003669339
D,354,0.00104801788,0.158821,0.00448847283,0.00448847283
D,355,0.0010452675,0.145648,0.00398758333,0.00398758333
D,356,0.00103978435,0.19127,0.00404430786,0.00404430786
D,357,0.00104860346,0.143313,0.00494088465,0.00494088465
D,358,0.00103416985,0.155493,0.00477504823,0.00477504823
D,359,0.00104683768,0.148454,0.00400324957,0.00400324957
D,360,0.00104388669,0.14483,0.00431066612,0.00431066612
