family,epoch,median_disp_rmse_if_evaluated,rollout_raw,rollout_plus_ag_pre_cap,rollout_capped,cap_attenuation
A,1,,nan,nan,nan,nan
A,2,,nan,nan,nan,nan
A,3,,nan,nan,nan,nan
A,4,,nan,nan,nan,nan
A,5,,nan,nan,nan,nan
A,6,,nan,nan,nan,nan
A,7,,nan,nan,nan,nan
A,8,,nan,nan,nan,nan
A,9,,nan,nan,nan,nan
A,10,,nan,nan,nan,nan
A,11,,nan,nan,nan,nan
A,12,,nan,nan,nan,nan
A,13,,nan,nan,nan,nan
A,14,,nan,nan,nan,nan
A,15,,nan,nan,nan,nan
A,16,,nan,nan,nan,nan
A,17,,nan,nan,nan,nan
A,18,,nan,nan,nan,nan
A,19,,nan,nan,nan,nan
A,20,,nan,nan,nan,nan
A,21,,nan,nan,nan,nan
A,22,,nan,nan,nan,nan
A,23,,nan,nan,nan,nan
A,24,,nan,nan,nan,nan
A,25,,nan,nan,nan,nan
A,26,,nan,nan,nan,nan
A,27,,nan,nan,nan,nan
A,28,,nan,nan,nan,nan
A,29,,nan,nan,nan,nan
A,30,,nan,nan,nan,nan
A,31,,nan,nan,nan,nan
A,32,,nan,nan,nan,nan
A,33,,nan,nan,nan,nan
A,34,,nan,nan,nan,nan
A,35,,nan,nan,nan,nan
A,36,,nan,nan,nan,nan
A,37,,nan,nan,nan,nan
A,38,,nan,nan,nan,nan
A,39,,nan,nan,nan,nan
A,40,,nan,nan,nan,nan
A,41,,0.00632142508,0.00659117196,0.00659117196,0.0
A,42,,0.00466550142,0.00483346824,0.00483346824,0.0
A,43,,0.00909203012,0.00982117932,0.00982117932,0.0
A,44,,0.00744758174,0.00781393796,0.00777551252,3.8425439999999894e-05
A,45,0.716038,0.00564511865,0.0059122825,0.0059122825,0.0
A,46,,0.0067095696,0.00689323712,0.00689323712,0.0
A,47,,0.0082836356,0.00838029571,0.00838029571,0.0
A,48,,0.0110760806,0.0123432251,0.0114183025,0.000924922600000001
A,49,,0.0137621183,0.0167223401,0.0141165685,0.002605771600000001
A,50,0.68592,0.0118019646,0.0121002095,0.0118055288,0.00029468070000000096
A,51,,0.00696383277,0.00734826317,0.00734826317,0.0
A,52,,0.0466043502,0.0576654188,0.0245473944,0.0331180244
A,53,,0.00689076399,0.00774575863,0.00736396108,0.0003817975500000001
A,54,,0.0108565036,0.0110065965,0.0110065965,0.0
A,55,0.618814,0.014516646,0.0159187336,0.0148829389,0.0010357946999999985
A,56,,0.00665183738,0.00713653117,0.00713653117,0.0
A,57,,0.00465708878,0.00468001515,0.00468001515,0.0
A,58,,0.0125793163,0.0133725107,0.0130414469,0.00033106379999999977
A,59,,0.00780033087,0.00813725311,0.00813725311,0.0
A,60,0.545085,0.00617280696,0.00631111721,0.00631111721,0.0
A,61,,0.00673926156,0.00693322346,0.00693322346,0.0
A,62,,0.00379017973,0.00424436014,0.00424436014,0.0
A,63,,0.0173772071,0.0179272536,0.0144136967,0.003513556900000001
A,64,,0.00486266147,0.00495287683,0.00495287683,0.0
A,65,1.242801,0.0121892681,0.0134602366,0.0121261422,0.0013340943999999993
A,66,,0.00432701781,0.00451542344,0.00451542344,0.0
A,67,,0.00476752454,0.00492563192,0.00492563192,0.0
A,68,,0.00575265568,0.00613355357,0.00613355357,0.0
A,69,,0.00461199041,0.00486868294,0.00486868294,0.0
A,70,0.403945,0.00419358676,0.00440815743,0.00440815743,0.0
A,71,,0.0181416012,0.0182645805,0.0172548536,0.0010097268999999971
A,72,,0.00588020682,0.00614517555,0.00614517555,0.0
A,73,,0.0144365821,0.0160739832,0.0130485045,0.003025478699999999
A,74,,0.00477168802,0.00495401118,0.00495401118,0.0
A,75,1.07195,0.00832119957,0.0109097408,0.00881275441,0.0020969863899999996
A,76,,0.00574717112,0.00611352827,0.00595827214,0.0001552561299999998
A,77,,0.00469390582,0.00483157672,0.00483157672,0.0
A,78,,0.00869830512,0.00902058929,0.00902058929,0.0
A,79,,0.00380885601,0.00395568041,0.00395568041,0.0
A,80,1.845764,0.0201082155,0.0205233991,0.0198578574,0.0006655416999999976
A,81,,0.0138669433,0.0147065148,0.0137700066,0.0009365082
A,82,,0.0094483057,0.00974190235,0.00953519065,0.00020671169999999899
A,83,,0.0242321752,0.0249439925,0.0227799863,0.0021640062000000022
A,84,,0.00618340541,0.00646630814,0.00646630814,0.0
A,85,0.351519,0.00497148326,0.00525820581,0.00525820581,0.0
A,86,,0.0115875788,0.0118526639,0.0112981591,0.0005545047999999993
A,87,,0.0103245676,0.0108455699,0.00994734466,0.0008982252399999998
A,88,,0.0122659821,0.0128019648,0.012413064,0.0003889007999999996
A,89,,0.0114770299,0.0133643718,0.0122510828,0.001113289
A,90,1.151228,0.0128465295,0.013130879,0.0127038034,0.00042707560000000006
A,91,,0.00536776194,0.00556521583,0.00556521583,0.0
A,92,,0.00455811666,0.00467653573,0.00467653573,0.0
A,93,,0.0200515278,0.0205401797,0.0178291723,0.0027110074
A,94,,0.0100938305,0.0103993081,0.0102385823,0.00016072580000000072
A,95,1.340262,0.00957346987,0.0100158257,0.0100158257,0.0
A,96,,0.0145577956,0.0149203409,0.0145839285,0.00033641240000000135
A,97,,0.00507667754,0.0053109685,0.0053109685,0.0
A,98,,0.00667896774,0.00680755591,0.00680755591,0.0
A,99,,0.00788116455,0.00804475043,0.00800806843,3.668200000000142e-05
A,100,0.399402,0.00496975379,0.00518165296,0.00518165296,0.0
A,101,,0.00422607874,0.00441692071,0.00441692071,0.0
A,102,,0.00644887146,0.00669010123,0.00669010123,0.0
A,103,,0.00855627935,0.00892161671,0.00892161671,0.0
A,104,,0.00675467681,0.00691086054,0.00691086054,0.0
A,105,0.929254,0.00443226937,0.00459465059,0.00459465059,0.0
A,106,,0.00630388688,0.00658427551,0.00658427551,0.0
A,107,,0.00353342667,0.00367672415,0.00367672415,0.0
A,108,,0.00539750606,0.00556347612,0.00555495732,8.518800000000167e-06
A,109,,0.0111319106,0.0118459836,0.0111404629,0.0007055207000000001
A,110,1.427768,0.0133796809,0.0153297484,0.0137752742,0.001554474200000001
A,111,,0.00537333684,0.00626977626,0.00624867994,2.1096320000000418e-05
A,112,,0.00516982237,0.0053353603,0.0053353603,0.0
A,113,,0.003287978,0.00341140036,0.00341140036,0.0
A,114,,0.00553281326,0.0056118262,0.0056118262,0.0
A,115,1.331318,0.00581824314,0.00620925706,0.00620925706,0.0
A,116,,0.0054673953,0.00602198206,0.00602198206,0.0
A,117,,0.00719324406,0.00750491628,0.00750491628,0.0
A,118,,0.0104538444,0.0130253732,0.0124479141,0.0005774591000000003
A,119,,0.00423511537,0.00445597246,0.00445597246,0.0
A,120,0.360749,0.00535056461,0.00574948918,0.00574948918,0.0
A,121,,0.00932681002,0.00954243727,0.00954243727,0.0
A,122,,0.00802434515,0.00861700252,0.00858835317,2.864934999999985e-05
A,123,,0.0120251011,0.0123139415,0.0120379077,0.00027603380000000045
A,124,,0.0100581339,0.0107972817,0.0104738213,0.0003234603999999995
A,125,1.016463,0.0146463765,0.0150443343,0.0147709977,0.0002733366000000001
A,126,,0.00801793393,0.00848005619,0.00848005619,0.0
A,127,,0.00655515352,0.0068358006,0.0068358006,0.0
A,128,,0.00447530672,0.00474001747,0.00474001747,0.0
A,129,,0.00810735859,0.0085007567,0.0085007567,0.0
A,130,0.49941,0.00469262665,0.00489644753,0.00489644753,0.0
A,131,,0.0057151611,0.00602219906,0.00602219906,0.0
A,132,,0.0099325683,0.0159633197,0.0150993224,0.0008639972999999988
A,133,,0.00423347298,0.00442812312,0.00442812312,0.0
A,134,,0.00802623015,0.00861224439,0.00849811453,0.00011412986000000104
A,135,1.922665,0.0201759115,0.0226604789,0.0198985897,0.002761889199999999
A,136,,0.00510062277,0.00534444023,0.00534444023,0.0
A,137,,0.00778880855,0.00885167718,0.00880912878,4.254840000000003e-05
A,138,,0.00630795816,0.0065560909,0.0065560909,0.0
A,139,,0.0100914398,0.0108338147,0.0107911183,4.269640000000019e-05
A,140,0.872228,0.00980496407,0.0101776104,0.0101776104,0.0
A,141,,0.048003681,0.0528189242,0.0299630668,0.0228558574
A,142,,0.00528038014,0.00563843222,0.00563843222,0.0
A,143,,0.00417697523,0.00457758596,0.00457758596,0.0
A,144,,0.00316781551,0.00344259175,0.00344259175,0.0
A,145,0.664016,0.00433933828,0.00464531966,0.00464531966,0.0
A,146,,0.0106046461,0.0112120844,0.0106479144,0.000564170000000001
A,147,,0.00733178202,0.00759143103,0.00759143103,0.0
A,148,,0.0118545592,0.0122989127,0.0117278984,0.0005710142999999987
A,149,,0.00417950563,0.00457096472,0.00457096472,0.0
A,150,0.867088,0.00711404998,0.00735773891,0.00735773891,0.0
A,151,,0.00596899074,0.0064656781,0.0064656781,0.0
A,152,,0.00417756615,0.00438363757,0.00438363757,0.0
A,153,,0.00556940213,0.00566826342,0.00566826342,0.0
A,154,,0.00613766909,0.00654591853,0.00654591853,0.0
A,155,0.462803,0.00489051687,0.00520036183,0.00520036183,0.0
A,156,,0.00754502136,0.00790754054,0.00790754054,0.0
A,157,,0.00862474181,0.00978975743,0.00968425535,0.00010550208000000005
A,158,,0.00672984868,0.00717360293,0.00717360293,0.0
A,159,,0.00921161287,0.00946327578,0.0090334909,0.0004297848800000007
A,160,1.668916,0.0150831621,0.0157514699,0.0154204862,0.0003309836999999989
A,161,,0.00917495973,0.0109011251,0.010730301,0.0001708241000000013
A,162,,0.0119884526,0.0139050679,0.0134209665,0.0004841014000000008
A,163,,0.00493040867,0.00511441007,0.00511441007,0.0
A,164,,0.0186775848,0.0197206922,0.0182884745,0.001432217700000002
A,165,0.606976,0.0066595315,0.00781103689,0.00781103689,0.0
A,166,,0.0133328931,0.0144790411,0.014039563,0.0004394780999999997
A,167,,0.0254214741,0.0272110403,0.0238384586,0.0033725816999999984
A,168,,0.00707465271,0.00755624613,0.00747749303,7.875310000000045e-05
A,169,,0.00534703629,0.00608224422,0.00601870101,6.354320999999927e-05
A,170,1.453825,0.0121908216,0.0137279285,0.0135185104,0.00020941810000000075
A,171,,0.00808739476,0.00832476746,0.00832476746,0.0
A,172,,0.0615814105,0.0627196953,0.0290435012,0.0336761941
A,173,,0.00666775787,0.00777353346,0.0077410778,3.2455659999999775e-05
A,174,,0.00434870087,0.00475694519,0.00475694519,0.0
A,175,0.871566,0.00557449693,0.00593138998,0.00593138998,0.0
A,176,,0.0050751525,0.00574401673,0.00574401673,0.0
A,177,,0.00630944828,0.00735321408,0.00717148557,0.00018172850999999962
A,178,,0.0126484679,0.0129215103,0.0123445569,0.0005769534
A,179,,0.0084095113,0.00895563699,0.00872965343,0.00022598356000000028
A,180,0.451261,0.00376489339,0.004228679,0.004228679,0.0
A,181,,0.0123361656,0.0134688541,0.0130575243,0.0004113298000000005
A,182,,0.00475678965,0.00513963308,0.00513963308,0.0
A,183,,0.0121807167,0.0125726955,0.0118213268,0.0007513686999999995
A,184,,0.00405527838,0.00557554932,0.00557554932,0.0
A,185,1.034942,0.00512463879,0.0055895769,0.0055895769,0.0
A,186,,0.00872636773,0.0091276411,0.00909645483,3.118627000000054e-05
A,187,,0.0146086887,0.0153148873,0.0150408298,0.00027405749999999916
A,188,,0.00883083697,0.00930515863,0.0092781987,2.6959929999998897e-05
A,189,,0.00645522028,0.00708493125,0.00708493125,0.0
A,190,1.979523,0.0102241309,0.0108972583,0.0108161177,8.114059999999972e-05
A,191,,0.00638193637,0.00673437258,0.0066596223,7.475027999999991e-05
A,192,,0.0112756938,0.0120672714,0.0120672714,0.0
A,193,,0.011686923,0.0122782979,0.0121574178,0.00012088009999999989
A,194,,0.00593151757,0.0063078925,0.0063078925,0.0
A,195,0.867635,0.00427993061,0.00637985533,0.00637985533,0.0
A,196,,0.00438680081,0.0051926286,0.0051926286,0.0
A,197,,0.00549481343,0.00594680803,0.00594680803,0.0
A,198,,0.0065885121,0.00685948646,0.00685948646,0.0
A,199,,0.00890939403,0.0101815425,0.0100786034,0.00010293909999999941
A,200,0.432162,0.00595113728,0.00666895509,0.00666895509,0.0
A,201,,0.00913442113,0.00964377634,0.00959165581,5.2120529999999735e-05
A,202,,0.00661402661,0.00703607406,0.00681155408,0.0002245199800000007
A,203,,0.0063091917,0.00742066791,0.00742066791,0.0
A,204,,0.00679356977,0.00779345725,0.00779345725,0.0
A,205,1.403256,0.0158844665,0.0165213309,0.0158298258,0.0006915050999999998
A,206,,0.0136342049,0.0142095294,0.0140695516,0.00013997779999999974
A,207,,0.0804915503,0.130871087,0.0319280103,0.0989430767
A,208,,0.0061703762,0.0065291198,0.0065291198,0.0
A,209,,0.00608989457,0.00692519639,0.00692519639,0.0
A,210,1.282271,0.00531516969,0.00622132886,0.00622132886,0.0
A,211,,0.00440068496,0.00496219145,0.00496219145,0.0
A,212,,0.00959761068,0.0101209888,0.0101209888,0.0
A,213,,0.00944163185,0.0141348168,0.0136722103,0.00046260650000000056
A,214,,0.016010005,0.0178748574,0.0162379332,0.0016369242000000006
A,215,0.224768,0.0100189531,0.0104365367,0.0103654098,7.112690000000109e-05
A,216,,0.00632936787,0.00686800946,0.00686800946,0.0
A,217,,0.00802733563,0.0083512459,0.00833851751,1.2728389999999354e-05
A,218,,0.0087200515,0.00915741082,0.00915741082,0.0
A,219,,0.00635384535,0.00679752696,0.00679752696,0.0
A,220,2.837679,0.0189032517,0.021645328,0.0196246095,0.0020207184999999975
A,221,,0.00901860744,0.00986656826,0.00986656826,0.0
A,222,,0.0115889218,0.0133133261,0.0131734312,0.00013989489999999966
A,223,,0.0269529819,0.0285962969,0.0248042848,0.0037920120999999987
A,224,,0.00572233461,0.00624241075,0.00624241075,0.0
A,225,0.844177,0.0446361043,0.0476993099,0.0278229117,0.0198763982
A,226,,0.00957435928,0.0109295044,0.0109295044,0.0
A,227,,0.00551258493,0.00600423431,0.00600423431,0.0
A,228,,0.0108655589,0.0131582813,0.0125248525,0.0006334288000000004
A,229,,0.00392245641,0.00529844081,0.00529844081,0.0
A,230,1.125651,0.00740379095,0.00810839795,0.00810839795,0.0
A,231,,0.0135662304,0.0182792488,0.0172067471,0.0010725017000000024
A,232,,0.00512614194,0.00562565587,0.0052317041,0.0003939517700000004
A,233,,0.0164194889,0.0187162757,0.0157587361,0.0029575395999999997
A,234,,0.0074085095,0.00822648033,0.00822648033,0.0
A,235,1.691025,0.00912692118,0.00953527912,0.00953527912,0.0
A,236,,0.0122482292,0.0140976403,0.0136771724,0.00042046790000000063
A,237,,0.00512118079,0.00720880553,0.00720880553,0.0
A,238,,0.00718805799,0.00834576599,0.00834576599,0.0
A,239,,0.00976513326,0.0109543707,0.0109543707,0.0
A,240,2.948854,0.0074245939,0.00880477764,0.00868269242,0.00012208522000000006
A,241,,0.0108655188,0.011609016,0.0110496869,0.0005593291000000004
A,242,,0.00776457181,0.00808807649,0.00802489184,6.318465000000086e-05
A,243,,0.00661565224,0.0072903051,0.0072903051,0.0
A,244,,0.00855816342,0.00900469162,0.00876763742,0.00023705419999999963
A,245,1.66171,0.00978011824,0.0106982682,0.0105404481,0.0001578200999999991
A,246,,0.0132749034,0.015328845,0.0146837682,0.0006450767999999999
A,247,,0.0104259802,0.0107701598,0.0103592845,0.0004108753000000003
A,248,,0.00848436821,0.00938585587,0.00898556039,0.00040029548
A,249,,0.0102835465,0.0106712785,0.0103797223,0.00029155620000000104
A,250,0.388706,0.00568149053,0.00600015791,0.00600015791,0.0
A,251,,0.0111754434,0.012361913,0.012293037,6.88760000000007e-05
A,252,,0.0059355828,0.00619131885,0.00619131885,0.0
A,253,,0.0209741015,0.0224916153,0.0210887715,0.0014028438000000011
A,254,,0.00739289308,0.00768937822,0.00755021488,0.00013916333999999982
A,255,1.25662,0.0268269088,0.0281937066,0.0216346905,0.006559016099999999
A,256,,0.00677193189,0.00724067818,0.0072061955,3.448267999999963e-05
A,257,,0.0126620773,0.0131917614,0.0115174502,0.0016743112000000004
A,258,,0.00918466784,0.00991492067,0.00981164351,0.00010327715999999994
A,259,,0.00640712818,0.00743016088,0.00687301019,0.00055715069
A,260,0.545447,0.0120939929,0.0133581311,0.0132717909,8.634019999999992e-05
A,261,,0.00660331454,0.00753568765,0.00753568765,0.0
A,262,,0.00854015164,0.0101790568,0.0100697745,0.00010928230000000101
A,263,,0.00466476521,0.0050630453,0.0050630453,0.0
A,264,,0.00896433834,0.00960832182,0.00960832182,0.0
A,265,0.953684,0.00749970833,0.00823146291,0.00804826804,0.00018319487000000023
A,266,,0.0101934122,0.0115857478,0.0109900627,0.0005956850999999999
A,267,,0.0084219873,0.00882951636,0.0086203469,0.00020916945999999853
A,268,,0.00570970541,0.00796181988,0.00796181988,0.0
A,269,,0.00628982624,0.00645774137,0.00639011571,6.762565999999994e-05
A,270,2.128684,0.0128581133,0.0147380428,0.014287089,0.00045095380000000074
A,271,,0.00774505222,0.00945162214,0.00942947529,2.214684999999987e-05
A,272,,0.0181191638,0.0196998511,0.0187072214,0.0009926296999999973
A,273,,0.014093223,0.014438346,0.0135037499,0.0009345960999999989
A,274,,0.0078978017,0.00879724696,0.00858201459,0.00021523237000000035
A,275,4.315167,0.0100330329,0.012709206,0.0117403399,0.0009688661000000001
A,276,,0.00934622623,0.00983613171,0.0096616447,0.00017448701000000004
A,277,,0.0159702469,0.0166432578,0.0154735846,0.0011696731999999987
A,278,,0.0079796277,0.00888120476,0.00880051497,8.068979000000129e-05
A,279,,0.0106656663,0.0110745355,0.0109709455,0.00010358999999999889
A,280,0.561021,0.0222098529,0.0230941139,0.0202751644,0.002818949500000001
A,281,,0.00500478689,0.0053858785,0.0053858785,0.0
A,282,,0.0178246163,0.0190824382,0.0174050033,0.0016774349
A,283,,0.0113692889,0.0119461743,0.0117583126,0.0001878616999999999
A,284,,0.00503777107,0.00573159382,0.00573159382,0.0
A,285,0.494309,0.0118252384,0.0128752273,0.0113019878,0.0015732395000000003
A,286,,0.00906794984,0.00942481775,0.00936611183,5.87059200000007e-05
A,287,,0.0191279016,0.0202602409,0.0161452144,0.0041150265000000005
A,288,,0.0128355296,0.0132684764,0.012316755,0.0009517213999999993
A,289,,0.00687918672,0.00718791177,0.00712922355,5.8688220000000305e-05
A,290,1.396771,0.0122635905,0.0133168194,0.0126406252,0.0006761942000000007
A,291,,0.0105762742,0.0117075127,0.0109246336,0.0007828790999999998
A,292,,0.00701251626,0.00756554212,0.00747762015,8.792196999999995e-05
A,293,,0.00561022898,0.00608756999,0.00608756999,0.0
A,294,,0.00563638238,0.00591945648,0.00590378651,1.5669969999999867e-05
A,295,1.221644,0.00531036872,0.00607819762,0.00575714139,0.00032105623000000007
A,296,,0.0115595702,0.0141885635,0.0141759636,1.2599899999998429e-05
A,297,,0.00554190902,0.00591954915,0.00571564911,0.00020390003999999975
A,298,,0.0134113785,0.0142323617,0.0126771601,0.0015552016000000002
A,299,,0.0080910977,0.00849096663,0.00836434774,0.00012661888999999926
A,300,1.724084,0.00771959638,0.00831439625,0.00825554039,5.885586000000005e-05
A,301,0.790863,0.0100233974,0.0100233974,0.00910621416,0.0009171832399999993
A,302,0.765701,0.00929342397,0.00929342397,0.00865273736,0.0006406866100000016
A,303,0.930594,0.00450446876,0.00450446876,0.00450446876,0.0
A,304,0.26198,0.00488620158,0.00488620158,0.00488620158,0.0
A,305,0.951158,0.00899844803,0.00899844803,0.00899844803,0.0
A,306,0.782665,0.00751005625,0.00751005625,0.00751005625,0.0
A,307,0.379081,0.00476429379,0.00476429379,0.00476429379,0.0
A,308,0.625476,0.0145073105,0.0145073105,0.0138745951,0.0006327154000000008
A,309,0.473685,0.00630954746,0.00630954746,0.00630732113,2.2263300000005537e-06
A,310,0.233984,0.00394999143,0.00394999143,0.0039035778,4.641363000000001e-05
A,311,0.249841,0.00598293217,0.00598293217,0.00598293217,0.0
A,312,0.581903,0.00814371277,0.00814371277,0.00810757745,3.6135320000000096e-05
A,313,0.982927,0.00660345471,0.00660345471,0.00638119876,0.00022225594999999987
A,314,0.931338,0.00848158635,0.00848158635,0.00848158635,0.0
A,315,0.953241,0.00717944046,0.00717944046,0.00717789074,1.5497200000005873e-06
A,316,0.72293,0.00683660526,0.00683660526,0.00683660526,0.0
A,317,0.326769,0.00892799348,0.00892799348,0.00884787645,8.011703000000009e-05
A,318,0.820151,0.00860826205,0.00860826205,0.00788191706,0.0007263449899999989
A,319,1.45758,0.0174830724,0.0174830724,0.0163150486,0.001168023800000001
A,320,0.39022,0.00434472505,0.00434472505,0.00434472505,0.0
A,321,1.115039,0.00980795454,0.00980795454,0.00967811979,0.00012983475000000015
A,322,0.785033,0.00979504362,0.00979504362,0.00964053907,0.00015450455000000016
A,323,0.195651,0.00376409292,0.00376409292,0.00376409292,0.0
A,324,0.314052,0.00570292585,0.00570292585,0.00570292585,0.0
A,325,0.735971,0.00549047301,0.00549047301,0.00531659927,0.00017387374000000025
A,326,0.205799,0.00386228552,0.00386228552,0.00385596533,6.320190000000305e-06
A,327,0.335842,0.00454137195,0.00454137195,0.00396706909,0.0005743028600000005
A,328,0.296844,0.00389560987,0.00389560987,0.00389560987,0.0
A,329,0.419917,0.00516276341,0.00516276341,0.00516276341,0.0
A,330,0.276496,0.00403555157,0.00403555157,0.00403555157,0.0
A,331,0.194141,0.00333167124,0.00333167124,0.00333167124,0.0
A,332,0.905826,0.00741237402,0.00741237402,0.00739410147,1.8272550000000137e-05
A,333,0.175258,0.0043790238,0.0043790238,0.00437823543,7.883700000000868e-07
A,334,0.401677,0.0053478172,0.0053478172,0.0053478172,0.0
A,335,0.176557,0.00290417974,0.00290417974,0.00290417974,0.0
A,336,0.601796,0.00350469118,0.00350469118,0.00350469118,0.0
A,337,0.457795,0.00295915455,0.00295915455,0.00295915455,0.0
A,338,0.212277,0.00315240328,0.00315240328,0.00315240328,0.0
A,339,0.500558,0.00445727352,0.00445727352,0.00427455455,0.0001827189699999997
A,340,0.163685,0.00236229273,0.00236229273,0.00236229273,0.0
A,341,0.245782,0.00234284531,0.00234284531,0.00234284531,0.0
A,342,0.570865,0.00617731828,0.00617731828,0.00617080834,6.509939999999742e-06
A,343,0.201856,0.00299226842,0.00299226842,0.00294653839,4.573002999999978e-05
A,344,0.203012,0.00324036926,0.00324036926,0.00324036926,0.0
A,345,0.166583,0.00228717504,0.00228717504,0.00228717504,0.0
A,346,0.275321,0.00359840319,0.00359840319,0.00359840319,0.0
A,347,0.258295,0.00479062367,0.00479062367,0.00479062367,0.0
A,348,0.147245,0.00274750218,0.00274750218,0.00274750218,0.0
A,349,0.176746,0.0024523274,0.0024523274,0.0024523274,0.0
A,350,0.173276,0.00261027459,0.00261027459,0.00261027459,0.0
A,351,0.163315,0.00207719812,0.00207719812,0.00207719812,0.0
A,352,0.168846,0.00242972025,0.00242972025,0.00242972025,0.0
A,353,0.137052,0.00181831303,0.00181831303,0.00181831303,0.0
A,354,0.140678,0.00264583109,0.00264583109,0.00264583109,0.0
A,355,0.164744,0.00261384109,0.00261384109,0.00261384109,0.0
A,356,0.133681,0.00273306901,0.00273306901,0.00273306901,0.0
A,357,0.139052,0.00245300983,0.00245300983,0.00245300983,0.0
A,358,0.143477,0.0022582612,0.0022582612,0.0022582612,0.0
A,359,0.143598,0.00202453462,0.00202453462,0.00202453462,0.0
A,360,0.139551,0.0025214802,0.0025214802,0.0025214802,0.0
B,1,,nan,nan,nan,nan
B,2,,nan,nan,nan,nan
B,3,,nan,nan,nan,nan
B,4,,nan,nan,nan,nan
B,5,,nan,nan,nan,nan
B,6,,nan,nan,nan,nan
B,7,,nan,nan,nan,nan
B,8,,nan,nan,nan,nan
B,9,,nan,nan,nan,nan
B,10,,nan,nan,nan,nan
B,11,,nan,nan,nan,nan
B,12,,nan,nan,nan,nan
B,13,,nan,nan,nan,nan
B,14,,nan,nan,nan,nan
B,15,,nan,nan,nan,nan
B,16,,nan,nan,nan,nan
B,17,,nan,nan,nan,nan
B,18,,nan,nan,nan,nan
B,19,,nan,nan,nan,nan
B,20,,nan,nan,nan,nan
B,21,,nan,nan,nan,nan
B,22,,nan,nan,nan,nan
B,23,,nan,nan,nan,nan
B,24,,nan,nan,nan,nan
B,25,,nan,nan,nan,nan
B,26,,nan,nan,nan,nan
B,27,,nan,nan,nan,nan
B,28,,nan,nan,nan,nan
B,29,,nan,nan,nan,nan
B,30,,nan,nan,nan,nan
B,31,,nan,nan,nan,nan
B,32,,nan,nan,nan,nan
B,33,,nan,nan,nan,nan
B,34,,nan,nan,nan,nan
B,35,,nan,nan,nan,nan
B,36,,nan,nan,nan,nan
B,37,,nan,nan,nan,nan
B,38,,nan,nan,nan,nan
B,39,,nan,nan,nan,nan
B,40,,nan,nan,nan,nan
B,41,,0.0144624067,0.0196365286,0.012457801,0.007178727600000002
B,42,,0.0131915975,0.0390928276,0.0102157788,0.0288770488
B,43,,0.00889627822,0.00950178318,0.00944974087,5.2042310000000036e-05
B,44,,0.00695801666,0.00756741548,0.00743656885,0.00013084662999999965
B,45,0.512086,0.00791566353,0.00813249499,0.00813249499,0.0
B,46,,0.00897240546,0.0103759076,0.00946816057,0.0009077470299999994
B,47,,0.00614151405,0.00675660279,0.00664827134,0.00010833144999999964
B,48,,0.00753943529,0.0088100573,0.00844798516,0.0003620721400000009
B,49,,0.0140448939,0.014820775,0.0137093067,0.0011114682999999997
B,50,0.572323,0.0123855611,0.0126168635,0.0119841499,0.0006327136000000011
B,51,,0.00490545388,0.00499136979,0.00499136979,0.0
B,52,,0.0149635728,0.0156577118,0.0146008627,0.0010568491000000017
B,53,,0.0271843374,0.029209014,0.0208190214,0.0083899926
B,54,,0.00468740566,0.00512536429,0.00503214635,9.321794000000019e-05
B,55,0.946573,0.00581398001,0.0062469691,0.0062469691,0.0
B,56,,0.01006315,0.0111271963,0.010551434,0.0005757622999999993
B,57,,0.00557691883,0.00595956203,0.00595956203,0.0
B,58,,0.0126088168,0.0136422943,0.0135402428,0.00010205150000000031
B,59,,0.0050417129,0.00526391249,0.00526391249,0.0
B,60,0.631328,0.00564620411,0.00576998712,0.00576998712,0.0
B,61,,0.00487726461,0.00501363119,0.00501363119,0.0
B,62,,0.00488483813,0.00526981149,0.00526981149,0.0
B,63,,0.0100047383,0.0102660414,0.010159147,0.00010689439999999988
B,64,,0.00836079102,0.00861958042,0.00861958042,0.0
B,65,0.66765,0.00672568148,0.00686449185,0.00686449185,0.0
B,66,,0.0340927429,0.0396429263,0.0232696868,0.016373239499999998
B,67,,0.00448305625,0.00502240378,0.00454931799,0.00047308579000000014
B,68,,0.00506181922,0.00515047228,0.00515047228,0.0
B,69,,0.0195917152,0.0206734352,0.0201247297,0.0005487054999999998
B,70,0.932225,0.00435344875,0.00457313936,0.00457313936,0.0
B,71,,0.00721100112,0.00772557408,0.00702553848,0.0007000356000000001
B,72,,0.00943085831,0.0102590956,0.0102284467,3.064890000000105e-05
B,73,,0.00638886821,0.00675827498,0.00675827498,0.0
B,74,,0.00371040916,0.00382968294,0.00382968294,0.0
B,75,0.641233,0.00833257381,0.00853387453,0.00853387453,0.0
B,76,,0.00382583099,0.00389680127,0.00389680127,0.0
B,77,,0.00400542002,0.00409656065,0.00409656065,0.0
B,78,,0.00502081681,0.00512311142,0.00512311142,0.0
B,79,,0.00440382073,0.00468601286,0.00401979499,0.0006662178700000002
B,80,0.868639,0.00798039697,0.00884539727,0.00775975734,0.001085639929999999
B,81,,0.0136321262,0.0142718675,0.0136453835,0.0006264840000000001
B,82,,0.00719853491,0.00747686625,0.00747686625,0.0
B,83,,0.00633116951,0.0064369007,0.00642685313,1.0047570000000332e-05
B,84,,0.00421220716,0.00451735966,0.00451735966,0.0
B,85,0.526119,0.00530503597,0.00543675711,0.00543675711,0.0
B,86,,0.0073306486,0.00766945397,0.00766945397,0.0
B,87,,0.00591890048,0.00613816921,0.00611055316,2.7616050000000072e-05
B,88,,0.00564906234,0.00584253343,0.00584253343,0.0
B,89,,0.00543490378,0.00575078698,0.00575078698,0.0
B,90,0.725832,0.00529422425,0.00555370981,0.00555370981,0.0
B,91,,0.00566203985,0.00578436628,0.00578436628,0.0
B,92,,0.00374812074,0.00386005268,0.00386005268,0.0
B,93,,0.007086406,0.0073281154,0.0073281154,0.0
B,94,,0.00791275315,0.00808940548,0.0080439765,4.542898000000142e-05
B,95,0.722529,0.00585506251,0.00640689442,0.00640689442,0.0
B,96,,0.00459174998,0.00469788956,0.00469788956,0.0
B,97,,0.0054841591,0.0057258904,0.0057258904,0.0
B,98,,0.00373909739,0.00383628858,0.00383628858,0.0
B,99,,0.00639998401,0.00656478573,0.00656478573,0.0
B,100,0.590366,0.0078688506,0.00860137772,0.00860137772,0.0
B,101,,0.00656447792,0.00666721305,0.00666721305,0.0
B,102,,0.00834870432,0.00938036665,0.00908900332,0.0002913633299999989
B,103,,0.0143350884,0.0159898959,0.0139140813,0.002075814599999998
B,104,,0.00356829981,0.00366439414,0.00366439414,0.0
B,105,2.166368,0.0448058024,0.047060445,0.0300890617,0.0169713833
B,106,,0.00551270973,0.00559902843,0.00559902843,0.0
B,107,,0.00565781677,0.00591423968,0.00591423968,0.0
B,108,,0.00720527489,0.00752879679,0.00752879679,0.0
B,109,,0.00383058051,0.0040315697,0.0040315697,0.0
B,110,0.563511,0.00440371875,0.00454700273,0.00454700273,0.0
B,111,,0.0144988326,0.0147731844,0.0136831049,0.0010900795000000005
B,112,,0.00704753539,0.00712938001,0.00712938001,0.0
B,113,,0.00572598074,0.00592284556,0.00592284556,0.0
B,114,,0.00331974076,0.00345356157,0.00345356157,0.0
B,115,0.393302,0.0036158287,0.00387196918,0.00387196918,0.0
B,116,,0.00532425102,0.00587397302,0.00579324085,8.073217000000021e-05
B,117,,0.00412690081,0.00419578562,0.00419578562,0.0
B,118,,0.00499191973,0.00522533525,0.00522533525,0.0
B,119,,0.00418456737,0.00431559002,0.00431559002,0.0
B,120,0.855537,0.00937820971,0.00960108079,0.00955967419,4.140660000000011e-05
B,121,,0.0076997974,0.00805896986,0.00797879882,8.017103999999851e-05
B,122,,0.00830156356,0.00853274111,0.00852698367,5.757440000000308e-06
B,123,,0.00706089288,0.00727681071,0.00721954694,5.726376999999963e-05
B,124,,0.00753923412,0.0078716483,0.00784960948,2.203882000000046e-05
B,125,0.628522,0.00865086261,0.00922303833,0.00916655269,5.648564000000113e-05
B,126,,0.0138061391,0.0146727767,0.0137254102,0.0009473664999999996
B,127,,0.00615505967,0.00649271533,0.00646862155,2.409377999999969e-05
B,128,,0.00903937034,0.01051699,0.010480932,3.605800000000027e-05
B,129,,0.00476775737,0.00495003676,0.0049286494,2.1387359999999744e-05
B,130,0.519525,0.00468294974,0.00498263584,0.00498263584,0.0
B,131,,0.00655796984,0.00725344662,0.00725344662,0.0
B,132,,0.00998729747,0.0112654725,0.0111687947,9.667780000000015e-05
B,133,,0.00659007113,0.00699370634,0.00632003974,0.0006736666
B,134,,0.00918790884,0.00962765515,0.00942690205,0.00020075310000000103
B,135,0.797114,0.00526974071,0.00553839421,0.00553839421,0.0
B,136,,0.0257692989,0.0271113124,0.0227234475,0.0043878649
B,137,,0.00695738941,0.00725881476,0.00723779295,2.1021809999999773e-05
B,138,,0.0138172079,0.0144340564,0.0141218472,0.0003122092
B,139,,0.00954076275,0.00999329612,0.00973514002,0.0002581561000000003
B,140,0.753624,0.00947837438,0.00972704776,0.00962884538,9.820237999999884e-05
B,141,,0.00452504354,0.00482600275,0.00479719602,2.880672999999983e-05
B,142,,0.00447017793,0.00474907551,0.00474907551,0.0
B,143,,0.0111286864,0.0116578238,0.0115788653,7.895850000000024e-05
B,144,,0.0050753234,0.00649227947,0.00649227947,0.0
B,145,0.613472,0.00676064333,0.0084364526,0.00818014797,0.0002563046300000007
B,146,,0.00570805743,0.00632161787,0.00629142206,3.0195809999999587e-05
B,147,,0.00561285112,0.00590689946,0.00590689946,0.0
B,148,,0.00651766267,0.00674928352,0.00674928352,0.0
B,149,,0.0044101486,0.00469663646,0.00469663646,0.0
B,150,0.961706,0.00667549204,0.00710665667,0.0069644996,0.00014215707000000011
B,151,,0.0124546178,0.0131859975,0.0127444668,0.0004415306999999997
B,152,,0.00792600308,0.00813419931,0.00813419931,0.0
B,153,,0.0172582678,0.0181505885,0.0174925271,0.0006580613999999999
B,154,,0.0051058894,0.00534120342,0.00534120342,0.0
B,155,0.507532,0.00660351524,0.0069244476,0.0069244476,0.0
B,156,,0.00297426758,0.00324851507,0.00324851507,0.0
B,157,,0.00788034685,0.00821705163,0.00819751527,1.9536359999999114e-05
B,158,,0.00476342998,0.00508957822,0.00508957822,0.0
B,159,,0.0060943733,0.00680397591,0.00680397591,0.0
B,160,0.471323,0.00843980256,0.00891525671,0.00873145647,0.00018380024000000036
B,161,,0.00771768019,0.00841536094,0.00828607939,0.0001292815500000006
B,162,,0.0147197451,0.0165178832,0.0153773678,0.0011405154
B,163,,0.00839616451,0.00911853649,0.00911853649,0.0
B,164,,0.0297676716,0.0338377953,0.019853469,0.013984326300000002
B,165,0.807062,0.0160023235,0.0165956616,0.0140194651,0.002576196499999999
B,166,,0.00801200606,0.00934842695,0.00931756757,3.085938000000135e-05
B,167,,0.0105436798,0.0114400797,0.0109266862,0.0005133934999999989
B,168,,0.00990540255,0.0106236087,0.0103123654,0.0003112432999999998
B,169,,0.00967492349,0.0104527399,0.00991741195,0.0005353279500000009
B,170,0.619179,0.0114560854,0.0123171275,0.010778117,0.0015390105000000001
B,171,,0.00971943047,0.0103769358,0.00957468152,0.0008022542800000011
B,172,,0.0112737371,0.0123565625,0.0114547303,0.0009018321999999992
B,173,,0.0232839193,0.0274197571,0.022576848,0.004842909100000001
B,174,,0.00558375474,0.0063702031,0.00603430532,0.0003358977800000003
B,175,0.602367,0.0103005711,0.0109679382,0.0105285393,0.0004393988999999987
B,176,,0.0121216075,0.0133192148,0.0117755253,0.0015436894999999989
B,177,,0.0126356166,0.0200923607,0.0176228806,0.0024694800999999975
B,178,,0.01081945,0.012017373,0.0118655441,0.00015182889999999956
B,179,,0.0110784071,0.0114542469,0.0109157683,0.0005384785999999996
B,180,0.570859,0.00687976554,0.00800662395,0.0073774443,0.0006291796499999997
B,181,,0.010444345,0.0113102701,0.00975668151,0.00155358859
B,182,,0.0113623384,0.0125415027,0.0119745675,0.0005669352000000003
B,183,,0.0129783154,0.013402842,0.0127019119,0.0007009301000000003
B,184,,0.0103460755,0.0109108165,0.00995452236,0.0009562941399999993
B,185,0.288688,0.00904112402,0.010623375,0.0105747124,4.8662599999999e-05
B,186,,0.00927758031,0.00993448962,0.00895335339,0.0009811362300000005
B,187,,0.00892657414,0.00928797759,0.00919861626,8.936132999999916e-05
B,188,,0.0619790554,0.0666700229,0.0320461728,0.0346238501
B,189,,0.00976913981,0.0123616625,0.0109644113,0.0013972511999999996
B,190,0.57938,0.0138183581,0.0157278441,0.014284797,0.001443047099999999
B,191,,0.00722881313,0.00776704401,0.00751794595,0.00024909805999999944
B,192,,0.00699908286,0.00740072038,0.00724933948,0.00015138089999999944
B,193,,0.00759339333,0.00861618761,0.00839442573,0.0002217618799999991
B,194,,0.0383386314,0.0404824428,0.0262124948,0.014269947999999998
B,195,0.428482,0.00911061,0.00987323653,0.00930022541,0.0005730111199999995
B,196,,0.00914501958,0.00996554364,0.00976225547,0.00020328816999999957
B,197,,0.0102514299,0.0110285627,0.00985889789,0.0011696648100000002
B,198,,0.0239345543,0.0246283002,0.0198881291,0.004740171100000003
B,199,,0.00751137361,0.00825701095,0.00795562752,0.0003013834299999997
B,200,0.415165,0.0114791319,0.0122030517,0.0113182003,0.0008848514000000009
B,201,,0.0126926228,0.0144312978,0.0124047417,0.0020265561
B,202,,0.0231735148,0.0238316637,0.0158946309,0.007937032799999997
B,203,,0.0396304987,0.0426803157,0.0248275362,0.0178527795
B,204,,0.0263770483,0.028680712,0.0190397482,0.0096409638
B,205,0.73171,0.0140054096,0.0149385286,0.0131030502,0.0018354784
B,206,,0.0305575132,0.0335274562,0.0217927638,0.0117346924
B,207,,0.0191887803,0.0219102837,0.016045453,0.0058648307
B,208,,0.0270063989,0.0310708228,0.0206060335,0.010464789300000003
B,209,,0.0160003044,0.017134076,0.0131649747,0.0039691013000000015
B,210,0.537273,0.0171480514,0.0185897909,0.0131755872,0.0054142037
B,211,,0.0217307992,0.0230038054,0.0147208031,0.0082830023
B,212,,0.0184213128,0.0204955172,0.0162120238,0.004283493400000001
B,213,,0.0145235974,0.0159181003,0.0126306657,0.0032874346000000016
B,214,,0.0174240656,0.0201163795,0.0141312554,0.005985124099999999
B,215,0.798336,0.0165094659,0.0190791357,0.014951068,0.0041280677
B,216,,0.0138432411,0.0147026256,0.0128645645,0.0018380610999999998
B,217,,0.0167611726,0.0199798327,0.0149746966,0.005005136099999998
B,218,,0.0195814427,0.0241664313,0.0163082816,0.0078581497
B,219,,0.0225434192,0.0235406626,0.0145497965,0.008990866100000001
B,220,1.629945,0.0143590374,0.0167772416,0.0139673902,0.0028098513999999988
B,221,,0.0245741773,0.0255156644,0.0196494795,0.005866184899999998
B,222,,0.0169389024,0.0187356975,0.0149396751,0.003796022399999998
B,223,,0.0207819082,0.0224279407,0.0173104443,0.005117496400000001
B,224,,0.0146730198,0.0156754479,0.0138743417,0.0018011061999999994
B,225,0.779438,0.0157949626,0.0165049024,0.0109826904,0.005522212
B,226,,0.10268148,0.108154893,0.0301859677,0.0779689253
B,227,,0.0259277578,0.0278549828,0.0184891224,0.009365860400000002
B,228,,0.0185671635,0.0210086536,0.0157355927,0.005273060900000001
B,229,,0.0140186371,0.0150543209,0.0126208793,0.002433441599999999
B,230,1.83126,0.0277833045,0.0312794261,0.0209133532,0.010366072900000002
B,231,,0.0162163749,0.0171773732,0.0141093861,0.003067987099999999
B,232,,0.0216972698,0.0250582006,0.0163931567,0.008665043899999999
B,233,,0.0174677186,0.0193408038,0.0161934402,0.0031473636000000013
B,234,,0.0300914459,0.0354141667,0.023705421,0.011708745699999999
B,235,1.081037,0.0258359704,0.0268645585,0.0168012474,0.0100633111
B,236,,0.0244895089,0.0255435295,0.0199999306,0.005543598899999998
B,237,,0.0140359728,0.0149966525,0.0121957343,0.0028009182000000004
B,238,,0.0187998824,0.0200782605,0.0145914573,0.005486803200000001
B,239,,0.0154938325,0.0173674114,0.0140776215,0.003289789900000001
B,240,0.500507,0.018645348,0.0198424626,0.014311376,0.005531086599999999
B,241,,0.0251160227,0.0277926084,0.0187571906,0.009035417799999997
B,242,,0.0288906209,0.0309724212,0.0169883929,0.0139840283
B,243,,0.0306824595,0.0322957635,0.017968392,0.014327371499999998
B,244,,0.0240518935,0.026365241,0.0179867931,0.008378447900000002
B,245,1.367619,0.0226630419,0.0304832812,0.0181397181,0.0123435631
B,246,,0.022620948,0.0244527943,0.0138872014,0.0105655929
B,247,,0.0252946578,0.0275786817,0.0161132254,0.0114654563
B,248,,0.0199223496,0.0217492599,0.0138078136,0.007941446300000002
B,249,,0.0302685685,0.0328601412,0.020084668,0.012775473199999998
B,250,1.8326,0.0295881424,0.0348840244,0.0190202408,0.015863783599999997
B,251,,0.0206504073,0.0261676814,0.016584849,0.009582832400000001
B,252,,0.0204616077,0.0225919709,0.0136987586,0.008893212300000002
B,253,,0.0325221345,0.0372688547,0.0222442187,0.015024636000000001
B,254,,0.0271431208,0.0307053812,0.0175594985,0.0131458827
B,255,1.344241,0.111100093,0.127898976,0.0294609815,0.0984379945
B,256,,0.024761647,0.0283398144,0.0165981892,0.011741625200000001
B,257,,0.0285849869,0.0303710308,0.0185768232,0.011794207600000002
B,258,,0.030253578,0.0339162052,0.0194413122,0.014474892999999999
B,259,,0.0299795009,0.0326270238,0.0184837691,0.014143254700000003
B,260,1.498627,0.0213497821,0.0238782838,0.0138039915,0.0100742923
B,261,,0.0263684839,0.0289653149,0.015665533,0.013299781900000002
B,262,,0.0279620476,0.0301254727,0.0177659076,0.0123595651
B,263,,0.0241196789,0.0259223729,0.0164046939,0.009517679000000001
B,264,,0.0221741609,0.0236938745,0.0155815901,0.0081122844
B,265,1.258702,0.0179887414,0.0210920312,0.0145821106,0.0065099206
B,266,,0.0251518898,0.0303442217,0.0176142137,0.012730008000000001
B,267,,0.0330770649,0.0344228968,0.0216477476,0.012775149199999999
B,268,,0.0244305264,0.0272857212,0.019736018,0.0075497032000000006
B,269,,0.0369116142,0.0441459715,0.0242299531,0.0199160184
B,270,0.788316,0.0299203247,0.0331474319,0.0184666552,0.014680776700000002
B,271,,0.0201767888,0.0224941988,0.0149425063,0.0075516925
B,272,,0.0374885164,0.040847417,0.0216806177,0.019166799299999995
B,273,,0.0201223604,0.0220776442,0.0144878775,0.0075897667
B,274,,0.033141844,0.0365790501,0.0200690608,0.016509989300000003
B,275,1.566009,0.0215272121,0.0230355989,0.0165938605,0.006441738399999997
B,276,,0.0258237869,0.0284732785,0.0167613532,0.011711925300000002
B,277,,0.0300302207,0.0330612957,0.0185758825,0.014485413199999998
B,278,,0.0301535428,0.0311000105,0.0193584859,0.0117415246
B,279,,0.0262864791,0.0284161624,0.0147030307,0.0137131317
B,280,4.035736,0.0424398296,0.062476635,0.0271074865,0.0353691485
B,281,,0.0241231509,0.02605558,0.0165085774,0.0095470026
B,282,,0.0324392021,0.0353296995,0.0199585669,0.0153711326
B,283,,0.0257950537,0.0289683286,0.0159260295,0.013042299099999998
B,284,,0.0271652434,0.0290423837,0.0179675482,0.011074835500000001
B,285,0.94963,0.0249748211,0.0281086899,0.0171177201,0.0109909698
B,286,,0.0355021395,0.0385850854,0.0192386489,0.019346436499999998
B,287,,0.0224142782,0.02570251,0.0163713954,0.009331114600000003
B,288,,0.0319952257,0.0335429981,0.0161187034,0.0174242947
B,289,,0.023048345,0.0260129161,0.0164490119,0.009563904199999997
B,290,1.202388,0.0202432945,0.0227353834,0.0146246701,0.008110713299999999
B,291,,0.0308081619,0.032092087,0.0211814679,0.010910619099999998
B,292,,0.0271618422,0.0293304231,0.0173751302,0.011955292899999997
B,293,,0.0216044821,0.0228146501,0.0125617739,0.0102528762
B,294,,0.0320084989,0.0341456905,0.0219063796,0.012239310899999998
B,295,0.475017,0.0293230675,0.0313477814,0.0189778022,0.012369979199999995
B,296,,0.0630670413,0.0666136071,0.0278799646,0.0387336425
B,297,,0.0246183462,0.0271111634,0.0167878233,0.010323340099999998
B,298,,0.0210070163,0.0234829523,0.0147244977,0.008758454599999998
B,299,,0.0292394217,0.0308922343,0.0157407504,0.015151483900000002
B,300,0.953933,0.0223113503,0.0262232572,0.0149130253,0.011310231899999999
B,301,0.94243,0.0209123865,0.0209123865,0.0116502913,0.0092620952
B,302,2.36663,0.0603156276,0.0603156276,0.0233524684,0.0369631592
B,303,0.40992,0.0177378394,0.0177378394,0.0123761138,0.0053617256000000005
B,304,1.952384,0.054382842,0.054382842,0.0253463034,0.0290365386
B,305,0.364764,0.0212098733,0.0212098733,0.0137113603,0.007498513000000002
B,306,0.52996,0.0177023336,0.0177023336,0.0123788444,0.005323489200000002
B,307,0.421968,0.0220037159,0.0220037159,0.0127889067,0.009214809200000002
B,308,1.20054,0.0225156471,0.0225156471,0.0158003122,0.0067153349000000015
B,309,0.714708,0.0193286184,0.0193286184,0.012745088,0.006583530400000001
B,310,0.957647,0.0402217507,0.0402217507,0.0274228118,0.012798938900000004
B,311,0.340503,0.0264835916,0.0264835916,0.0155368242,0.010946767399999998
B,312,1.180752,0.026468724,0.026468724,0.0145722553,0.0118964687
B,313,0.589268,0.0242405217,0.0242405217,0.0163862668,0.0078542549
B,314,0.444556,0.0131304059,0.0131304059,0.00975740049,0.0033730054099999993
B,315,0.529798,0.0216926374,0.0216926374,0.0132320896,0.008460547799999999
B,316,0.705069,0.0211102981,0.0211102981,0.0143842902,0.006726007900000001
B,317,0.70759,0.0177978855,0.0177978855,0.0141432015,0.0036546839999999983
B,318,0.607097,0.0231538266,0.0231538266,0.0148775699,0.0082762567
B,319,0.35847,0.0163041037,0.0163041037,0.0116804242,0.0046236795
B,320,0.615354,0.0168757699,0.0168757699,0.0115273669,0.005348403
B,321,1.086827,0.0197039954,0.0197039954,0.0147994459,0.004904549500000001
B,322,1.222021,0.0511033162,0.0511033162,0.0289422516,0.0221610646
B,323,0.668448,0.0177839622,0.0177839622,0.0114454469,0.0063385153
B,324,0.535578,0.0189832151,0.0189832151,0.012612544,0.006370671099999999
B,325,0.395836,0.0175356064,0.0175356064,0.0116720581,0.0058635483
B,326,0.457122,0.0201716609,0.0201716609,0.0123951007,0.007776560199999999
B,327,1.076319,0.0181276593,0.0181276593,0.012322152,0.005805507300000002
B,328,1.836983,0.0391483717,0.0391483717,0.020981038,0.018167333699999996
B,329,0.407631,0.0133331046,0.0133331046,0.00910431799,0.00422878661
B,330,0.307641,0.0191453248,0.0191453248,0.0124750063,0.006670318499999998
B,331,0.405337,0.0184331909,0.0184331909,0.0103484783,0.0080847126
B,332,0.572598,0.015002152,0.015002152,0.0107924957,0.0042096563
B,333,0.367055,0.0119254775,0.0119254775,0.00912971236,0.00279576514
B,334,0.377401,0.0226462036,0.0226462036,0.012241073,0.010405130600000001
B,335,0.465094,0.0132734906,0.0132734906,0.00995467789,0.0033188127100000006
B,336,0.629736,0.0226727054,0.0226727054,0.0145400316,0.0081326738
B,337,0.485673,0.0157804601,0.0157804601,0.010848714,0.0049317461
B,338,0.411776,0.0185529683,0.0185529683,0.013045473,0.0055074953
B,339,0.476851,0.0198392961,0.0198392961,0.0109327603,0.0089065358
B,340,0.469733,0.0174668077,0.0174668077,0.011860976,0.005605831699999999
B,341,0.387839,0.0125485156,0.0125485156,0.00840440765,0.004144107950000002
B,342,0.397602,0.0141539667,0.0141539667,0.0100541236,0.0040998431
B,343,0.425134,0.0120367911,0.0120367911,0.00824930426,0.0037874868399999997
B,344,0.48151,0.0183101185,0.0183101185,0.0124148112,0.0058953072999999995
B,345,0.556395,0.0200748648,0.0200748648,0.0134017672,0.006673097600000002
B,346,0.574616,0.0190133788,0.0190133788,0.011803994,0.007209384800000001
B,347,0.36263,0.0192124378,0.0192124378,0.0134162558,0.005796181999999999
B,348,0.472734,0.0180885457,0.0180885457,0.0124421548,0.005646390899999999
B,349,0.406725,0.0172896758,0.0172896758,0.0107543552,0.006535320600000002
B,350,0.425089,0.0150814708,0.0150814708,0.010466828,0.004614642800000001
B,351,0.422067,0.0128553603,0.0128553603,0.00938387867,0.0034714816300000003
B,352,0.398297,0.0147052435,0.0147052435,0.0109782768,0.003726966699999999
B,353,0.464978,0.0106431739,0.0106431739,0.00814984087,0.002493333030000001
B,354,0.391575,0.0183181278,0.0183181278,0.0113978582,0.006920269600000001
B,355,0.43079,0.0166235864,0.0166235864,0.0115692075,0.005054378900000002
B,356,0.502461,0.0221186094,0.0221186094,0.0135679962,0.0085506132
B,357,0.464909,0.0159714241,0.0159714241,0.0110657346,0.004905689499999999
B,358,0.510762,0.0255422592,0.0255422592,0.0131189395,0.012423319700000001
B,359,0.42456,0.0173920076,0.0173920076,0.0106162662,0.0067757413999999985
B,360,0.463412,0.0175355859,0.0175355859,0.0124198245,0.005115761400000002
C,1,,nan,nan,nan,nan
C,2,,nan,nan,nan,nan
C,3,,nan,nan,nan,nan
C,4,,nan,nan,nan,nan
C,5,,nan,nan,nan,nan
C,6,,nan,nan,nan,nan
C,7,,nan,nan,nan,nan
C,8,,nan,nan,nan,nan
C,9,,nan,nan,nan,nan
C,10,,nan,nan,nan,nan
C,11,,nan,nan,nan,nan
C,12,,nan,nan,nan,nan
C,13,,nan,nan,nan,nan
C,14,,nan,nan,nan,nan
C,15,,nan,nan,nan,nan
C,16,,nan,nan,nan,nan
C,17,,nan,nan,nan,nan
C,18,,nan,nan,nan,nan
C,19,,nan,nan,nan,nan
C,20,,nan,nan,nan,nan
C,21,,nan,nan,nan,nan
C,22,,nan,nan,nan,nan
C,23,,nan,nan,nan,nan
C,24,,nan,nan,nan,nan
C,25,,nan,nan,nan,nan
C,26,,nan,nan,nan,nan
C,27,,nan,nan,nan,nan
C,28,,nan,nan,nan,nan
C,29,,nan,nan,nan,nan
C,30,,nan,nan,nan,nan
C,31,,nan,nan,nan,nan
C,32,,nan,nan,nan,nan
C,33,,nan,nan,nan,nan
C,34,,nan,nan,nan,nan
C,35,,nan,nan,nan,nan
C,36,,nan,nan,nan,nan
C,37,,nan,nan,nan,nan
C,38,,nan,nan,nan,nan
C,39,,nan,nan,nan,nan
C,40,,nan,nan,nan,nan
C,41,,0.0288573354,0.0406165421,0.0216496214,0.0189669207
C,42,,0.0113878753,0.034383148,0.00928539503,0.02509775297
C,43,,0.0117211929,0.0204907693,0.0111191403,0.009371629
C,44,,0.0120089361,0.0138913263,0.012830806,0.0010605202999999994
C,45,0.704969,0.0146547081,0.0212630648,0.0157028474,0.005560217399999998
C,46,,0.0225090627,0.0819462538,0.0148485871,0.06709766669999999
C,47,,0.00780883711,0.0156667791,0.00870865025,0.00695812885
C,48,,0.00867613778,0.0130349919,0.00887057465,0.00416441725
C,49,,0.0362824947,0.113278747,0.0191474892,0.0941312578
C,50,1.261112,0.0101446761,0.0422080234,0.0086465748,0.0335614486
C,51,,0.0164875779,0.0270846225,0.0136622414,0.013422381099999998
C,52,,0.00858298223,0.0242982917,0.00770569872,0.016592592979999998
C,53,,0.0246894918,0.0398010872,0.0210743882,0.018726699000000003
C,54,,0.0100674275,0.0178297199,0.008932014,0.008897705899999999
C,55,0.631365,0.00947310589,0.0208539031,0.00874179415,0.012112108950000002
C,56,,0.018077692,0.0306702852,0.0161506198,0.014519665400000003
C,57,,0.0110046659,0.0167438593,0.0112503972,0.005493462100000001
C,58,,0.0316386931,0.141992673,0.0179060437,0.12408662930000001
C,59,,0.00798516441,0.0168423094,0.00782079436,0.009021515040000002
C,60,1.380666,0.0435593501,0.133667186,0.0227061585,0.11096102749999999
C,61,,0.00591126084,0.00928098429,0.00789259188,0.0013883924099999997
C,62,,0.0168675985,0.0207373351,0.0191502739,0.0015870612
C,63,,0.011873411,0.0214243513,0.0112056369,0.010218714399999999
C,64,,0.00712781539,0.0111882798,0.00736750197,0.0038207778299999993
C,65,0.560959,0.00592740439,0.00705367327,0.00675199414,0.0003016791299999995
C,66,,0.00798436441,0.0130691845,0.00848870166,0.00458048284
C,67,,0.00836755987,0.0119769303,0.00818854757,0.0037883827300000013
C,68,,0.0228797793,0.101283416,0.0137672247,0.0875161913
C,69,,0.00782845356,0.0107362708,0.00906433351,0.0016719372899999998
C,70,0.922602,0.00738800038,0.0109430216,0.00818361528,0.0027594063199999994
C,71,,0.00805719383,0.0108719487,0.010269586,0.0006023626999999993
C,72,,0.00525007444,0.00586731359,0.00586731359,0.0
C,73,,0.0294693168,0.117322028,0.0199525543,0.09736947369999999
C,74,,0.0170288868,0.0281229131,0.0152144339,0.012908479200000001
C,75,0.673983,0.00629259134,0.00828680675,0.00673662731,0.0015501794400000005
C,76,,0.010210162,0.0127756018,0.0111471917,0.0016284100999999999
C,77,,0.00680943578,0.00783325545,0.00714418432,0.0006890711299999998
C,78,,0.00742344698,0.0163845625,0.00737689342,0.009007669080000003
C,79,,0.00992529467,0.021078404,0.00868030824,0.012398095759999998
C,80,0.753874,0.00988451671,0.017727688,0.00921996869,0.008507719309999998
C,81,,0.0794961527,0.153003126,0.0314857252,0.12151740079999998
C,82,,0.00979801733,0.0120766368,0.00903175771,0.003044879090000001
C,83,,0.0203898791,0.0286247674,0.0192222018,0.0094025656
C,84,,0.0125516355,0.0205972604,0.0110138655,0.009583394900000002
C,85,0.391894,0.00676292088,0.00848983321,0.00662131375,0.0018685194600000007
C,86,,0.00935349055,0.0141701344,0.00885027088,0.005319863519999999
C,87,,0.0135115059,0.0167784207,0.012639612,0.0041388087000000014
C,88,,0.00531409401,0.00658320636,0.00648884242,9.43639399999998e-05
C,89,,0.00934127718,0.0119563555,0.00968813151,0.00226822399
C,90,1.170828,0.0205717124,0.0305302497,0.0198135301,0.0107167196
C,91,,0.0213709809,0.0349945351,0.0203020107,0.0146925244
C,92,,0.0118927276,0.0180165879,0.0125937089,0.0054228789999999985
C,93,,0.0217478015,0.0352752134,0.0174529944,0.017822218999999997
C,94,,0.0235236436,0.0661011934,0.0146671208,0.05143407259999999
C,95,0.813148,0.0104731312,0.0206523836,0.00800157059,0.012650813010000001
C,96,,0.00842236169,0.00992204435,0.00846135989,0.0014606844600000002
C,97,,0.0236947443,0.0325162783,0.020320341,0.012195937300000001
C,98,,0.0119840577,0.0302898381,0.00885106903,0.021438769070000002
C,99,,0.0608496368,0.140947461,0.0313577801,0.10958968089999999
C,100,0.578781,0.0080328621,0.0146970181,0.00814249087,0.006554527230000001
C,101,,0.00781076634,0.00911928713,0.00810472202,0.0010145651100000007
C,102,,0.0204472058,0.0497503057,0.0131634381,0.036586867599999996
C,103,,0.0070665786,0.00913205184,0.00755546754,0.0015765843000000003
C,104,,0.0109777655,0.0209283866,0.00801832229,0.012910064310000002
C,105,0.789522,0.00944271684,0.0116323326,0.00923503749,0.0023972951099999994
C,106,,0.0133956997,0.0260021649,0.0182644688,0.0077376961
C,107,,0.00646238634,0.00676122587,0.00644619111,0.00031503476000000006
C,108,,0.0054452084,0.00625402387,0.00524857407,0.0010054497999999997
C,109,,0.0177504271,0.0538551323,0.0076620155,0.046193116799999996
C,110,0.875263,0.0100432066,0.0154268984,0.0127988057,0.002628092699999999
C,111,,0.0129484609,0.0260079149,0.00730718672,0.01870072818
C,112,,0.012374592,0.0184894446,0.0125659527,0.005923491899999998
C,113,,0.00999215804,0.0231535006,0.00733015593,0.015823344670000003
C,114,,0.00730892271,0.00853342656,0.00756253162,0.0009708949399999996
C,115,1.722029,0.0110010142,0.022669524,0.0116247069,0.0110448171
C,116,,0.0217594914,0.0524169691,0.0147768483,0.0376401208
C,117,,0.0148845259,0.0365176499,0.0119412178,0.024576432099999997
C,118,,0.0177217256,0.023289185,0.0153756123,0.0079135727
C,119,,0.0426824987,0.153894678,0.0255016945,0.1283929835
C,120,0.632365,0.00880960468,0.0124985408,0.00750889117,0.004989649629999999
C,121,,0.0281889923,0.044289045,0.0214654244,0.0228236206
C,122,,0.0366299264,0.0509257242,0.0218630824,0.0290626418
C,123,,0.0141334031,0.0249754265,0.0106221,0.014353326500000001
C,124,,0.034493126,0.0437019467,0.0211375393,0.0225644074
C,125,0.749644,0.0240097828,0.0479809716,0.010776585,0.0372043866
C,126,,0.0216441341,0.0365821235,0.0156250186,0.020957104900000002
C,127,,0.0155784739,0.0190748293,0.0121540511,0.006920778199999998
C,128,,0.0155323269,0.0257710181,0.0113023873,0.014468630800000002
C,129,,0.0103228828,0.0116175963,0.0108468812,0.0007707150999999995
C,130,1.639482,0.0586443171,0.196030378,0.0241582785,0.17187209950000001
C,131,,0.0298530553,0.0438745916,0.02244219,0.021432401599999998
C,132,,0.0155973118,0.0259384625,0.0110523747,0.0148860878
C,133,,0.0311716497,0.0521386787,0.0244479254,0.027690753300000003
C,134,,0.0262431689,0.0469469652,0.0195718855,0.027375079700000002
C,135,0.960808,0.0138711911,0.0179319717,0.0128594236,0.005072548100000001
C,136,,0.0171031691,0.0193000734,0.015207028,0.0040930454
C,137,,0.0161066186,0.0208380241,0.0147283496,0.006109674500000002
C,138,,0.0219372548,0.03947597,0.0156231206,0.0238528494
C,139,,0.0148072792,0.0173626915,0.0123688765,0.004993814999999999
C,140,0.489408,0.0102500487,0.0113390293,0.00949933846,0.0018396908399999998
C,141,,0.0147741614,0.0167509075,0.0123550724,0.004395835099999999
C,142,,0.0152687598,0.0198270269,0.0134599535,0.006367073399999999
C,143,,0.011297578,0.0125793442,0.0093271425,0.0032522017000000004
C,144,,0.0338407382,0.0543044694,0.0235520378,0.030752431599999998
C,145,1.314827,0.0208128691,0.0267625246,0.0121200485,0.014642476100000001
C,146,,0.0156182256,0.0219026078,0.014706837,0.007195770800000001
C,147,,0.0337202027,0.0597933456,0.0217466876,0.038046658
C,148,,0.0118367663,0.0143700037,0.00819141697,0.0061785867299999995
C,149,,0.0106021855,0.011995526,0.0111257583,0.0008697676999999994
C,150,0.933236,0.0197059494,0.0247235224,0.0133087309,0.0114147915
C,151,,0.0109133078,0.0119271958,0.00794694759,0.0039802482100000005
C,152,,0.0185815133,0.0267639048,0.017467577,0.009296327799999997
C,153,,0.0172366388,0.0236506574,0.0123476163,0.011303041100000001
C,154,,0.0123028439,0.0134578599,0.0122776935,0.0011801664
C,155,0.463695,0.0146376882,0.0171546582,0.0105529726,0.006601685599999999
C,156,,0.0169300772,0.0258677658,0.0183430985,0.007524667300000003
C,157,,0.0184434447,0.0228757653,0.0180484913,0.0048272739999999995
C,158,,0.0154314339,0.020746164,0.0126405898,0.008105574200000002
C,159,,0.0234871712,0.0302289277,0.0193498135,0.010879114200000001
C,160,0.680857,0.0071843816,0.00771729648,0.00727150356,0.0004457929200000002
C,161,,0.0198575128,0.0226116627,0.015602353,0.007009309700000001
C,162,,0.0165248439,0.0177252814,0.0140819717,0.0036433097000000015
C,163,,0.0150462072,0.0163186844,0.0117968041,0.004521880299999998
C,164,,0.0181880258,0.0212290548,0.0152337551,0.0059952997000000015
C,165,1.693607,0.0396794602,0.0473556705,0.0235062595,0.023849411
C,166,,0.0197660737,0.0236732848,0.0138609884,0.0098122964
C,167,,0.0268628709,0.0435039923,0.0139409946,0.029562997700000003
C,168,,0.0246054381,0.0288958307,0.019454563,0.009441267699999999
C,169,,0.0184652843,0.0226569287,0.0128487665,0.009808162199999998
C,170,1.618705,0.0395449772,0.0502126925,0.0212332401,0.028979452400000005
C,171,,0.0643716827,0.120013073,0.0241002049,0.09591286809999999
C,172,,0.0464651734,0.0689652711,0.0263092518,0.0426560193
C,173,,0.0146240424,0.0157456957,0.0119186817,0.003827014
C,174,,0.0176068936,0.0219958257,0.0103482436,0.0116475821
C,175,1.312732,0.022108946,0.0321082845,0.0127729373,0.0193353472
C,176,,0.0222684853,0.024921488,0.0168908108,0.0080306772
C,177,,0.0208728071,0.0255834702,0.0188213848,0.006762085399999999
C,178,,0.0378545225,0.0648215562,0.0237792712,0.041042285000000005
C,179,,0.0341251753,0.0566470623,0.0193797033,0.037267359
C,180,0.863084,0.0139687601,0.0157532971,0.0108953891,0.004857908000000001
C,181,,0.0269033313,0.0350556448,0.0150010828,0.020054562
C,182,,0.0650516897,0.114930093,0.0270247497,0.0879053433
C,183,,0.0256407857,0.0366216749,0.0167390406,0.019882634299999997
C,184,,0.0287638865,0.0299779978,0.0195918567,0.0103861411
C,185,3.416598,0.0458914451,0.0942332223,0.0197958462,0.07443737610000001
C,186,,0.0144796148,0.0173006691,0.0137554007,0.003545268399999999
C,187,,0.0160633065,0.018963078,0.0135187898,0.005444288200000001
C,188,,0.038645491,0.0531687923,0.0258486364,0.027320155900000004
C,189,,0.0121779395,0.0129383979,0.0111958031,0.0017425948000000004
C,190,0.638528,0.0372255892,0.0492729209,0.0206728522,0.0286000687
C,191,,0.0276574437,0.0315921567,0.0197632778,0.0118288789
C,192,,0.0196370464,0.0236220676,0.0183889158,0.005233151800000002
C,193,,0.0138413114,0.0143889692,0.0121257845,0.0022631847000000004
C,194,,0.0195088051,0.0240983106,0.014868265,0.009230045599999999
C,195,0.922037,0.0112057133,0.0118553331,0.00974375103,0.0021115820700000013
C,196,,0.024699837,0.0279169939,0.0177908801,0.0101261138
C,197,,0.0138409706,0.0151614668,0.0129371108,0.0022243560000000002
C,198,,0.0319310427,0.033410985,0.0235399399,0.009871045099999996
C,199,,0.0170840099,0.0183405261,0.014366922,0.0039736041
C,200,1.538694,0.0919027627,0.185295731,0.0305087622,0.15478696879999998
C,201,,0.0292959455,0.0322232135,0.0175722335,0.014650980000000001
C,202,,0.0630086213,0.0849763304,0.0191590898,0.0658172406
C,203,,0.0815508813,0.133255288,0.0212297626,0.11202552539999999
C,204,,0.0891465545,0.124958277,0.0261914432,0.09876683380000001
C,205,1.258792,0.037057627,0.0444951579,0.0207398497,0.0237553082
C,206,,0.0461711101,0.0643869862,0.0254813023,0.038905683899999995
C,207,,0.0389801115,0.0479590669,0.0189789701,0.0289800968
C,208,,0.0388035551,0.0437348448,0.0215121843,0.022222660499999998
C,209,,0.0375981107,0.0416914932,0.0201114416,0.0215800516
C,210,2.675415,0.0405840091,0.0550686903,0.0199548863,0.035113804
C,211,,0.0392638184,0.0491403714,0.0232985653,0.0258418061
C,212,,0.030016575,0.0333789364,0.0206802115,0.012698724900000003
C,213,,0.0573387146,0.0880759731,0.0247950833,0.06328088979999999
C,214,,0.0407275148,0.0580752008,0.0193341002,0.038741100599999995
C,215,1.455713,0.0270995405,0.0318658985,0.0202142745,0.011651624000000003
C,216,,0.0374594927,0.0465918817,0.0181814395,0.028410442199999997
C,217,,0.156524494,0.408078283,0.0317872092,0.3762910738
C,218,,0.0323992781,0.0355709307,0.0190255605,0.016545370200000003
C,219,,0.0397540964,0.0584761687,0.0167325586,0.041743610099999995
C,220,0.493672,0.0265468396,0.0278390702,0.019188989,0.0086500812
C,221,,0.0342264399,0.0465359911,0.0174995977,0.0290363934
C,222,,0.0414294228,0.0615502484,0.0176193621,0.0439308863
C,223,,0.0309168957,0.0349387303,0.0188415144,0.0160972159
C,224,,0.0297843758,0.0350147597,0.0182975046,0.0167172551
C,225,0.875581,0.0350764133,0.0432224274,0.0184146892,0.0248077382
C,226,,0.0415112451,0.062747255,0.0182305444,0.0445167106
C,227,,0.0352932736,0.0390897505,0.0187108219,0.0203789286
C,228,,0.0440716743,0.0557646863,0.021523688,0.0342409983
C,229,,0.0430401526,0.0624319986,0.0183400009,0.044091997699999996
C,230,2.3162,0.0567144156,0.0666443631,0.0257616285,0.040882734600000005
C,231,,0.0291358419,0.0302082486,0.0208034758,0.009404772800000002
C,232,,0.0436610058,0.0575732999,0.017233992,0.040339307899999996
C,233,,0.0358073488,0.0375014469,0.0205215253,0.0169799216
C,234,,0.0398244336,0.0434245132,0.0230978969,0.0203266163
C,235,1.013494,0.0431436487,0.0555099249,0.0183974765,0.0371124484
C,236,,0.0335967913,0.0536480956,0.0193936266,0.034254468999999996
C,237,,0.0335250758,0.0418787114,0.0183371361,0.0235415753
C,238,,0.0468429588,0.0665763095,0.0191353671,0.0474409424
C,239,,0.0514274016,0.0667660609,0.0202993676,0.046466693299999993
C,240,2.252529,0.0412696004,0.0600732453,0.020954933,0.0391183123
C,241,,0.0381760783,0.039788276,0.0190489758,0.020739300199999998
C,242,,0.0394772515,0.0413872264,0.0180978738,0.023289352599999997
C,243,,0.055044394,0.0732548684,0.0194681101,0.0537867583
C,244,,0.0451154523,0.0582499728,0.0178398266,0.0404101462
C,245,2.094488,0.0771831349,0.09802977,0.0258883592,0.0721414108
C,246,,0.166180044,0.398695827,0.0279924832,0.37070334380000003
C,247,,0.0596946552,0.0756214708,0.0217956342,0.05382583660000001
C,248,,0.0531752519,0.0653843209,0.0204126146,0.0449717063
C,249,,0.040560998,0.0435042232,0.0179424603,0.025561762899999996
C,250,3.419994,0.104720749,0.180188045,0.0226020068,0.1575860382
C,251,,0.0510553122,0.0804226622,0.0206237752,0.059798886999999995
C,252,,0.0793868974,0.12866959,0.0245764013,0.1040931887
C,253,,0.0770045072,0.095814079,0.0243303813,0.0714836977
C,254,,0.0407957919,0.0453097448,0.0189313311,0.026378413700000002
C,255,0.981629,0.0424387231,0.053276699,0.0195472576,0.0337294414
C,256,,0.0803543478,0.144807577,0.0225221403,0.1222854367
C,257,,0.048206903,0.0528003685,0.0208653249,0.031935043600000004
C,258,,0.0545802824,0.058958672,0.0235054605,0.0354532115
C,259,,0.0400362499,0.0460051857,0.0196664799,0.0263387058
C,260,1.643828,0.0508299395,0.0734841004,0.0191921219,0.054291978500000004
C,261,,0.0715113133,0.113216043,0.0211385339,0.09207750910000001
C,262,,0.0421056673,0.0589143559,0.0225009881,0.0364133678
C,263,,0.0570973083,0.122147799,0.018820202,0.103327597
C,264,,0.0372356549,0.0410791412,0.0169904567,0.024088684500000002
C,265,1.430429,0.0450905859,0.0492009223,0.0193597637,0.029841158599999997
C,266,,0.053513281,0.0786479637,0.0204714928,0.0581764709
C,267,,0.0416045561,0.0480612591,0.0247747339,0.023286525200000005
C,268,,0.0471414551,0.0687915832,0.0210679956,0.047723587600000006
C,269,,0.0543107018,0.0768174604,0.0198953692,0.0569220912
C,270,3.147943,0.0774646699,0.0982777327,0.0277014561,0.07057627659999999
C,271,,0.0513116196,0.0657821447,0.0205971245,0.0451850202
C,272,,0.0486709848,0.060306035,0.0219111275,0.038394907500000006
C,273,,0.0537458546,0.0861153677,0.0193776283,0.0667377394
C,274,,0.0565162823,0.0703289062,0.0192850437,0.051043862499999995
C,275,1.341877,0.0582313016,0.0761349797,0.0257873051,0.05034767459999999
C,276,,0.0555323064,0.0745644346,0.0214929581,0.053071476500000006
C,277,,0.0572458506,0.0742970034,0.0246104263,0.049686577100000004
C,278,,0.0796368271,0.124896862,0.0208697263,0.1040271357
C,279,,0.0407789126,0.0552148893,0.0176768266,0.0375380627
C,280,2.34,0.0559491217,0.0832701698,0.021647105,0.0616230648
C,281,,0.0746132657,0.0867446736,0.0243121143,0.0624325593
C,282,,0.0677320585,0.10139215,0.0213684868,0.0800236632
C,283,,0.0495613813,0.0555850081,0.0204841215,0.0351008866
C,284,,0.0673523694,0.0878111869,0.0229739211,0.0648372658
C,285,1.006225,0.0759837776,0.0901865959,0.0250530392,0.0651335567
C,286,,0.0944672972,0.147227019,0.0237246808,0.12350233819999998
C,287,,0.100416884,0.157402605,0.0247963462,0.1326062588
C,288,,0.0549528189,0.0772979259,0.0181809776,0.0591169483
C,289,,0.0495288596,0.0525168702,0.026691664,0.025825206200000003
C,290,1.507027,0.0376507193,0.0414529108,0.017808143,0.0236447678
C,291,,0.0738978609,0.0910199657,0.0250226445,0.0659973212
C,292,,0.0510483757,0.0555559099,0.0229561478,0.0325997621
C,293,,0.05794245,0.0754059926,0.0190183707,0.056387621900000004
C,294,,0.04689724,0.072990194,0.0204193518,0.052570842199999995
C,295,0.696787,0.0506094284,0.0670176446,0.0191148035,0.047902841099999996
C,296,,0.0899737403,0.144724086,0.0240946412,0.1206294448
C,297,,0.0754717961,0.106701232,0.0218874328,0.0848137992
C,298,,0.0531974547,0.0695058629,0.0201549642,0.04935089870000001
C,299,,0.0770749152,0.128519207,0.0227921344,0.1057270726
C,300,0.516986,0.0606585369,0.0652192757,0.0271598846,0.03805939109999999
C,301,0.516955,0.0470353626,0.0470353626,0.0202756003,0.0267597623
C,302,1.291902,0.0347065292,0.0347065292,0.0187677387,0.0159387905
C,303,1.095438,0.0365821309,0.0365821309,0.0214782525,0.015103878400000003
C,304,0.273075,0.0465605669,0.0465605669,0.0198867414,0.0266738255
C,305,1.016379,0.0496963933,0.0496963933,0.0233869385,0.026309454800000003
C,306,0.757481,0.0325035341,0.0325035341,0.0156777613,0.016825772800000003
C,307,0.863991,0.0490007773,0.0490007773,0.0168883465,0.032112430799999994
C,308,1.026292,0.0620847121,0.0620847121,0.0155359609,0.0465487512
C,309,1.162764,0.0504607074,0.0504607074,0.0176536404,0.032807066999999995
C,310,0.704524,0.0546275154,0.0546275154,0.020378368,0.0342491474
C,311,0.294961,0.0402724482,0.0402724482,0.016839724,0.023432724199999998
C,312,1.507425,0.0537370034,0.0537370034,0.0180910602,0.0356459432
C,313,0.710164,0.0369746387,0.0369746387,0.017830722,0.0191439167
C,314,1.062386,0.0261027962,0.0261027962,0.0124678323,0.0136349639
C,315,0.47584,0.0655203536,0.0655203536,0.0198033974,0.0457169562
C,316,0.292267,0.0469644479,0.0469644479,0.0190374684,0.027926979499999997
C,317,1.040137,0.051089555,0.051089555,0.0196375903,0.0314519647
C,318,1.068541,0.0519018881,0.0519018881,0.0157350227,0.0361668654
C,319,0.895019,0.0665620938,0.0665620938,0.0201248713,0.0464372225
C,320,1.088472,0.0432726331,0.0432726331,0.0168281663,0.0264444668
C,321,1.060146,0.0345466956,0.0345466956,0.0148274107,0.0197192849
C,322,0.377123,0.0352573395,0.0352573395,0.0178519581,0.0174053814
C,323,0.602928,0.0481359661,0.0481359661,0.0134913493,0.0346446168
C,324,1.517551,0.0474485978,0.0474485978,0.0227585863,0.024690011499999998
C,325,0.925141,0.0600559637,0.0600559637,0.0162421223,0.0438138414
C,326,0.499475,0.0511623137,0.0511623137,0.0165690146,0.0345932991
C,327,0.339389,0.0364726111,0.0364726111,0.0149572045,0.021515406600000002
C,328,1.326568,0.0599162579,0.0599162579,0.019528307,0.0403879509
C,329,0.847805,0.0336531587,0.0336531587,0.0123524973,0.021300661399999997
C,330,1.149886,0.0560944602,0.0560944602,0.0198964942,0.036197966
C,331,0.425451,0.051871568,0.051871568,0.0135045554,0.0383670126
C,332,0.339321,0.0363919474,0.0363919474,0.014750177,0.0216417704
C,333,0.730602,0.0279018693,0.0279018693,0.0139665036,0.0139353657
C,334,0.53148,0.0861173496,0.0861173496,0.0185486525,0.0675686971
C,335,0.434063,0.0421529934,0.0421529934,0.0145884827,0.027564510699999996
C,336,1.045263,0.0558793731,0.0558793731,0.0173864514,0.0384929217
C,337,0.369682,0.0249372423,0.0249372423,0.0137340408,0.0112032015
C,338,0.770502,0.053350538,0.053350538,0.0169735067,0.0363770313
C,339,0.229047,0.0450865999,0.0450865999,0.0144724827,0.030614117200000002
C,340,0.286948,0.0413898155,0.0413898155,0.0163391382,0.025050677300000004
C,341,0.221618,0.0294631068,0.0294631068,0.0124542397,0.0170088671
C,342,0.26027,0.0322270505,0.0322270505,0.0151681546,0.0170588959
C,343,0.532232,0.0241924915,0.0241924915,0.0125266612,0.011665830299999999
C,344,0.388147,0.0360111371,0.0360111371,0.0151451528,0.0208659843
C,345,0.435773,0.0522296354,0.0522296354,0.0154958991,0.0367337363
C,346,0.405928,0.04785382,0.04785382,0.0139761269,0.033877693099999995
C,347,0.33492,0.0485631451,0.0485631451,0.0169390235,0.0316241216
C,348,0.333805,0.0394461378,0.0394461378,0.0165638458,0.022882292000000002
C,349,0.24092,0.0546538159,0.0546538159,0.0168634169,0.037790399
C,350,0.262942,0.0412100703,0.0412100703,0.0142848017,0.026925268599999996
C,351,0.254124,0.0300606247,0.0300606247,0.0140009616,0.0160596631
C,352,0.320972,0.0407275148,0.0407275148,0.0161790513,0.024548463500000003
C,353,0.197508,0.0258992072,0.0258992072,0.0121749993,0.0137242079
C,354,0.209047,0.0430669226,0.0430669226,0.0147482697,0.0283186529
C,355,0.25092,0.0403050855,0.0403050855,0.0163495056,0.023955579899999996
C,356,0.219605,0.0569302514,0.0569302514,0.0178890098,0.0390412416
C,357,0.209427,0.0452149995,0.0452149995,0.0159367882,0.0292782113
C,358,0.224459,0.0623065121,0.0623065121,0.0157373995,0.046569112600000004
C,359,0.253826,0.0443514474,0.0443514474,0.0132805314,0.031070916
C,360,0.206586,0.0470404662,0.0470404662,0.0177228432,0.029317622999999998
D,1,,nan,nan,nan,nan
D,2,,nan,nan,nan,nan
D,3,,nan,nan,nan,nan
D,4,,nan,nan,nan,nan
D,5,,nan,nan,nan,nan
D,6,,nan,nan,nan,nan
D,7,,nan,nan,nan,nan
D,8,,nan,nan,nan,nan
D,9,,nan,nan,nan,nan
D,10,,nan,nan,nan,nan
D,11,,nan,nan,nan,nan
D,12,,nan,nan,nan,nan
D,13,,nan,nan,nan,nan
D,14,,nan,nan,nan,nan
D,15,,nan,nan,nan,nan
D,16,,nan,nan,nan,nan
D,17,,nan,nan,nan,nan
D,18,,nan,nan,nan,nan
D,19,,nan,nan,nan,nan
D,20,,nan,nan,nan,nan
D,21,,nan,nan,nan,nan
D,22,,nan,nan,nan,nan
D,23,,nan,nan,nan,nan
D,24,,nan,nan,nan,nan
D,25,,nan,nan,nan,nan
D,26,,nan,nan,nan,nan
D,27,,nan,nan,nan,nan
D,28,,nan,nan,nan,nan
D,29,,nan,nan,nan,nan
D,30,,nan,nan,nan,nan
D,31,,nan,nan,nan,nan
D,32,,nan,nan,nan,nan
D,33,,nan,nan,nan,nan
D,34,,nan,nan,nan,nan
D,35,,nan,nan,nan,nan
D,36,,nan,nan,nan,nan
D,37,,nan,nan,nan,nan
D,38,,nan,nan,nan,nan
D,39,,nan,nan,nan,nan
D,40,,nan,nan,nan,nan
D,41,,0.0125455409,0.0130858226,0.0128693506,0.00021647200000000054
D,42,,0.00499617308,0.00511055579,0.00511055579,0.0
D,43,,0.0115004834,0.0118164802,0.0118164802,0.0
D,44,,0.00289927563,0.00342908129,0.00342908129,0.0
D,45,0.818337,0.00545221847,0.00553309452,0.00553309452,0.0
D,46,,0.00398577377,0.00409989338,0.00409989338,0.0
D,47,,0.00865335856,0.0102358563,0.00980837457,0.0004274817300000001
D,48,,0.00710729742,0.013231134,0.0128107397,0.0004203942999999998
D,49,,0.00287171034,0.00312420749,0.00312420749,0.0
D,50,0.576873,0.00390093098,0.00419388153,0.00419388153,0.0
D,51,,0.00400075223,0.00407427456,0.00407427456,0.0
D,52,,0.00532826036,0.00538217556,0.00538217556,0.0
D,53,,0.00876886863,0.00889716484,0.00889716484,0.0
D,54,,0.00253509847,0.00274187815,0.00274187815,0.0
D,55,1.604258,0.0107040722,0.010928886,0.010928886,0.0
D,56,,0.00542638451,0.00595602114,0.00595602114,0.0
D,57,,0.00492959376,0.00543445582,0.00543445582,0.0
D,58,,0.00299716974,0.00321720983,0.00321720983,0.0
D,59,,0.00450736377,0.00456047151,0.00456047151,0.0
D,60,1.446903,0.00520423427,0.00642256811,0.00642256811,0.0
D,61,,0.00496957218,0.00548546948,0.00548546948,0.0
D,62,,0.00412142649,0.00413900753,0.00413900753,0.0
D,63,,0.00673433021,0.0068567968,0.0068567968,0.0
D,64,,0.00444182148,0.00456702244,0.00456702244,0.0
D,65,1.817632,0.013864344,0.0143212173,0.0141050639,0.00021615340000000031
D,66,,0.0069958074,0.00714522507,0.00714522507,0.0
D,67,,0.00272348779,0.0027832333,0.0027832333,0.0
D,68,,0.00401428575,0.00404300122,0.00404300122,0.0
D,69,,0.00586720044,0.00596750295,0.00596750295,0.0
D,70,0.942934,0.00595730403,0.00614128402,0.00614128402,0.0
D,71,,0.00413816236,0.0046583768,0.0046583768,0.0
D,72,,0.00690064719,0.00759180496,0.00759180496,0.0
D,73,,0.00325803761,0.00333323143,0.00333323143,0.0
D,74,,0.00263936887,0.00267193746,0.00267193746,0.0
D,75,0.67276,0.0023861106,0.00243481621,0.00243481621,0.0
D,76,,0.00410039024,0.0041575958,0.0041575958,0.0
D,77,,0.00212410535,0.00217925897,0.00217925897,0.0
D,78,,0.00174866489,0.0018021625,0.0018021625,0.0
D,79,,0.00236754166,0.00240711682,0.00240711682,0.0
D,80,0.390723,0.00158268493,0.00164764002,0.00164764002,0.0
D,81,,0.0211384017,0.0221342631,0.021754656,0.0003796070999999984
D,82,,0.00376161677,0.00403535087,0.00403535087,0.0
D,83,,0.00694361189,0.00710827857,0.00710827857,0.0
D,84,,0.00635705143,0.00667355349,0.00667355349,0.0
D,85,0.753459,0.00407735212,0.00450896751,0.00450896751,0.0
D,86,,0.00727792177,0.00799241848,0.00780840591,0.00018401256999999935
D,87,,0.0115053887,0.012172224,0.0118396208,0.00033260319999999996
D,88,,0.00563954283,0.00778957084,0.00771508086,7.448998000000005e-05
D,89,,0.00275215786,0.00308584934,0.00308584934,0.0
D,90,0.589318,0.00264736498,0.00314358482,0.00314358482,0.0
D,91,,0.00220123795,0.00267788209,0.00267788209,0.0
D,92,,0.010942148,0.0113679338,0.0113660637,1.870100000000638e-06
D,93,,0.00500700483,0.00524075422,0.00516870152,7.20527000000002e-05
D,94,,0.00684939418,0.00709297415,0.00709297415,0.0
D,95,0.776829,0.00307426834,0.00367479958,0.00367479958,0.0
D,96,,0.0632385984,0.090723075,0.0329351723,0.0577879027
D,97,,0.00333878468,0.0037681337,0.0037681337,0.0
D,98,,0.0027202894,0.00286182715,0.00286182715,0.0
D,99,,0.0037234507,0.00392891979,0.00392891979,0.0
D,100,0.608775,0.00516442489,0.00544014806,0.00544014806,0.0
D,101,,0.00735755404,0.00839856826,0.00839856826,0.0
D,102,,0.00318629178,0.00335231284,0.00335231284,0.0
D,103,,0.00310614519,0.00344386091,0.00344386091,0.0
D,104,,0.00257928297,0.00275721564,0.00275721564,0.0
D,105,0.544716,0.00621367106,0.00681160111,0.00681160111,0.0
D,106,,0.00433027511,0.00448631495,0.00448631495,0.0
D,107,,0.00262524141,0.0027481229,0.0027481229,0.0
D,108,,0.00329169212,0.00350104412,0.00350104412,0.0
D,109,,0.00253184536,0.00273199123,0.00273199123,0.0
D,110,0.70212,0.00802521966,0.00927216746,0.00922824536,4.392209999999966e-05
D,111,,0.00423433445,0.00492726034,0.00492726034,0.0
D,112,,0.00239304896,0.0025690482,0.0025690482,0.0
D,113,,0.00546790985,0.00603134977,0.00603134977,0.0
D,114,,0.0134788426,0.0140969884,0.0140602393,3.674910000000045e-05
D,115,0.479555,0.00622530375,0.0065760063,0.0065760063,0.0
D,116,,0.00237165485,0.0025039115,0.0025039115,0.0
D,117,,0.00340566784,0.00355702452,0.00355702452,0.0
D,118,,0.00552416267,0.00578477839,0.00578477839,0.0
D,119,,0.00261048297,0.00277298084,0.00277298084,0.0
D,120,0.51969,0.00248711044,0.00269349269,0.00269349269,0.0
D,121,,0.00643030461,0.0073698638,0.0073698638,0.0
D,122,,0.00485405698,0.00661009457,0.00661009457,0.0
D,123,,0.00315474416,0.00368259475,0.00368259475,0.0
D,124,,0.00339172268,0.0036616486,0.0036616486,0.0
D,125,0.320985,0.00580429519,0.00603847299,0.00603847299,0.0
D,126,,0.00570385484,0.00677204737,0.00677204737,0.0
D,127,,0.00640596915,0.00657494506,0.00657494506,0.0
D,128,,0.00355679472,0.00374944741,0.00374944741,0.0
D,129,,0.0506613851,0.0514158495,0.0291432254,0.0222726241
D,130,0.41308,0.0062154131,0.00637419149,0.00637419149,0.0
D,131,,0.0044853352,0.00479676854,0.00479676854,0.0
D,132,,0.00351951877,0.00407577213,0.00407577213,0.0
D,133,,0.00553947454,0.00594139379,0.00594139379,0.0
D,134,,0.0237286761,0.024737956,0.0214817766,0.0032561794
D,135,1.402875,0.00749339256,0.0083268797,0.0083268797,0.0
D,136,,0.00408019545,0.00434858259,0.00434858259,0.0
D,137,,0.0051286621,0.00539951026,0.00539951026,0.0
D,138,,0.00532539282,0.00604336243,0.00604336243,0.0
D,139,,0.00604853779,0.00637695566,0.00637695566,0.0
D,140,0.439699,0.00428985199,0.0044937362,0.0044937362,0.0
D,141,,0.0107654631,0.0130923716,0.0129396301,0.00015274149999999938
D,142,,0.00477389945,0.00534756016,0.00534756016,0.0
D,143,,0.00518395239,0.00603515841,0.00603515841,0.0
D,144,,0.00703154039,0.00769684184,0.00769684184,0.0
D,145,0.451554,0.00423394609,0.00461984519,0.00461984519,0.0
D,146,,0.0101245586,0.0105771264,0.0105771264,0.0
D,147,,0.00400291011,0.00410339888,0.00410339888,0.0
D,148,,0.0110341515,0.0113912039,0.010934094,0.00045710990000000055
D,149,,0.00868946873,0.00914266519,0.00914266519,0.0
D,150,0.451592,0.00432251114,0.00475933449,0.00475933449,0.0
D,151,,0.00462302705,0.00533961877,0.00533961877,0.0
D,152,,0.015434389,0.0160233583,0.0159824882,4.087009999999974e-05
D,153,,0.0046254592,0.00527503761,0.00527503761,0.0
D,154,,0.00504476437,0.00522109587,0.00522109587,0.0
D,155,0.756149,0.0103046168,0.0104491999,0.0104491999,0.0
D,156,,0.00478809187,0.00604835199,0.00604835199,0.0
D,157,,0.0051225014,0.0060248035,0.0060248035,0.0
D,158,,0.00685566198,0.00756497774,0.00756497774,0.0
D,159,,0.00663115177,0.00831536576,0.00827558991,3.977584999999978e-05
D,160,0.849982,0.00403531222,0.00434795441,0.00434795441,0.0
D,161,,0.0103482138,0.0111645795,0.0110691404,9.543910000000058e-05
D,162,,0.00629417691,0.00717242574,0.00717242574,0.0
D,163,,0.00898364838,0.0100329053,0.0100329053,0.0
D,164,,0.00511682313,0.00628687954,0.00628687954,0.0
D,165,1.472027,0.00561267836,0.00644060317,0.00630208384,0.0001385193299999997
D,166,,0.0108008413,0.0112905893,0.0112905893,0.0
D,167,,0.00697850296,0.00762061542,0.00748565188,0.00013496353999999967
D,168,,0.0191340689,0.0200493224,0.0187994428,0.0012498796
D,169,,0.0120487195,0.0133982394,0.0130242351,0.0003740042999999995
D,170,0.47047,0.0100751519,0.0109548941,0.0106608942,0.0002939998999999995
D,171,,0.00941527728,0.013021132,0.0127442824,0.0002768496000000002
D,172,,0.00505649205,0.00620489474,0.00620489474,0.0
D,173,,0.0121868905,0.0124714719,0.012242334,0.00022913789999999892
D,174,,0.00531645352,0.00647588167,0.00640200963,7.387203999999984e-05
D,175,0.794985,0.0112147201,0.0132423285,0.0128191989,0.0004231296000000006
D,176,,0.0142831113,0.0158303939,0.0150834518,0.0007469421
D,177,,0.00766591588,0.00818776619,0.00809869356,8.907262999999915e-05
D,178,,0.00439285021,0.00467223208,0.00467223208,0.0
D,179,,0.0161410701,0.0179025475,0.0164751522,0.001427395300000002
D,180,0.487082,0.00394382747,0.00429818267,0.00429818267,0.0
D,181,,0.0049669547,0.00579512771,0.00579512771,0.0
D,182,,0.00816088729,0.00915759616,0.00915759616,0.0
D,183,,0.00559141953,0.00620904099,0.00620904099,0.0
D,184,,0.00475797663,0.00496156421,0.0049127643,4.8799910000000245e-05
D,185,0.518683,0.00454589631,0.00544068962,0.00544068962,0.0
D,186,,0.0055513205,0.00613198429,0.00609806599,3.391829999999964e-05
D,187,,0.0108293798,0.0112020485,0.0110752331,0.00012681540000000074
D,188,,0.00688653206,0.00711834431,0.00711829681,4.750000000015159e-08
D,189,,0.00686186273,0.00808656402,0.00808656402,0.0
D,190,0.311887,0.0106702503,0.0114525696,0.0113145579,0.00013801170000000106
D,191,,0.0113007799,0.0118651325,0.0118651325,0.0
D,192,,0.00970783085,0.013079864,0.0126383128,0.0004415511999999993
D,193,,0.0181963071,0.0186821874,0.0178402588,0.0008419285999999998
D,194,,0.00852673501,0.00890367106,0.00890367106,0.0
D,195,1.415132,0.0124241337,0.0141652767,0.0138398185,0.0003254581999999999
D,196,,0.00532013783,0.00576057239,0.00576057239,0.0
D,197,,0.0236690845,0.0249612145,0.020415742,0.004545472499999998
D,198,,0.00351066585,0.00457068952,0.00457068952,0.0
D,199,,0.0159411933,0.0174493194,0.0161981992,0.0012511202000000006
D,200,0.650907,0.011735566,0.0124671273,0.0122850891,0.00018203819999999989
D,201,,0.0190814249,0.0208574571,0.0179753676,0.0028820895000000006
D,202,,0.00740168989,0.00872096978,0.00872096978,0.0
D,203,,0.0123227481,0.0142119722,0.0139912246,0.00022074760000000138
D,204,,0.00538417045,0.00607452635,0.00607452635,0.0
D,205,2.161467,0.00629985798,0.0079742875,0.00734121818,0.0006330693199999996
D,206,,0.00684860116,0.00956099294,0.00956099294,0.0
D,207,,0.0104593355,0.0142401364,0.0137765808,0.00046355560000000025
D,208,,0.0171285886,0.018350292,0.0178499278,0.0005003642000000023
D,209,,0.0113428477,0.0127428053,0.0124092652,0.0003335400999999998
D,210,2.862271,0.034338288,0.0604781285,0.0260839947,0.0343941338
D,211,,0.0111095663,0.0125736017,0.0119959936,0.0005776080999999999
D,212,,0.0085253967,0.00912012812,0.0088511128,0.00026901531999999964
D,213,,0.00703823287,0.00815540366,0.00806485582,9.054783999999996e-05
D,214,,0.0127774458,0.0156432278,0.014999548,0.0006436797999999997
D,215,0.474707,0.00927838683,0.0103868591,0.0103868591,0.0
D,216,,0.0096022198,0.0113472566,0.0108348336,0.0005124229999999997
D,217,,0.00756513607,0.00840175338,0.00840175338,0.0
D,218,,0.00824841112,0.0088129323,0.00866402593,0.00014890637000000012
D,219,,0.00686449045,0.00795658492,0.00773762446,0.00021896046000000058
D,220,1.463036,0.0160494819,0.0165327489,0.0163427647,0.00018998419999999988
D,221,,0.0104724737,0.0126389144,0.0126205776,1.833679999999928e-05
D,222,,0.0124869514,0.0128998663,0.0127020534,0.0001978129000000002
D,223,,0.00897356682,0.0106005818,0.0105785187,2.2063100000000585e-05
D,224,,0.00970469881,0.0102587612,0.0101913,6.74612000000005e-05
D,225,1.134328,0.0105165951,0.0109100053,0.0106245847,0.0002854205999999991
D,226,,0.0316541642,0.0323830545,0.0243951976,0.0079878569
D,227,,0.00708953571,0.0081166029,0.0081166029,0.0
D,228,,0.00882073306,0.0102156149,0.0102156149,0.0
D,229,,0.0169536732,0.0188346431,0.018220555,0.0006140881000000001
D,230,1.421306,0.0165308472,0.0175501127,0.0163258035,0.001224309199999999
D,231,,0.00871078856,0.00974155404,0.00963973347,0.00010182056999999932
D,232,,0.00647239992,0.00753634935,0.00753634935,0.0
D,233,,0.0122973192,0.0128499288,0.0123517988,0.0004981300000000011
D,234,,0.0113370102,0.0126383957,0.0123017896,0.00033660610000000105
D,235,1.433743,0.00816696975,0.0109079853,0.0109079853,0.0
D,236,,0.0219836831,0.0233239681,0.0217268858,0.0015970822999999967
D,237,,0.00784240663,0.00833498128,0.00833498128,0.0
D,238,,0.0054096221,0.00731490413,0.00721253315,0.00010237097999999962
D,239,,0.00673433533,0.00716625992,0.00716625992,0.0
D,240,1.001906,0.00703110406,0.0076237903,0.0076237903,0.0
D,241,,0.0152432574,0.019655183,0.0184669718,0.0011882112000000007
D,242,,0.0119100204,0.0131137874,0.0114480574,0.0016657300000000007
D,243,,0.0189345479,0.0199451018,0.0175570585,0.0023880433
D,244,,0.00807496347,0.00889560487,0.00855665002,0.0003389548499999999
D,245,0.920871,0.0101755662,0.0106787672,0.0106198508,5.891639999999927e-05
D,246,,0.0131961275,0.014189221,0.0132663567,0.0009228642999999995
D,247,,0.014222987,0.0150628835,0.0129583227,0.0021045608000000004
D,248,,0.00735494262,0.00782899559,0.00772040943,0.00010858616000000015
D,249,,0.00910434127,0.010188533,0.010158468,3.006499999999926e-05
D,250,2.952271,0.0124968616,0.0151131703,0.014717537,0.00039563329999999994
D,251,,0.0340481289,0.0882905796,0.0313259028,0.0569646768
D,252,,0.0192176234,0.0224657487,0.0194570869,0.0030086617999999996
D,253,,0.0155754816,0.0164659638,0.014998151,0.001467812800000001
D,254,,0.00823555049,0.0100947944,0.00974034518,0.0003544492200000006
D,255,3.128214,0.0252703093,0.0339260474,0.0205660127,0.013360034699999999
D,256,,0.0223353542,0.0232042857,0.0193577465,0.003846539200000002
D,257,,0.0206129644,0.0243595745,0.0174924172,0.006867157300000003
D,258,,0.00849417131,0.00886745937,0.00875853281,0.00010892656
D,259,,0.0131345391,0.0150235966,0.0141335307,0.0008900658999999988
D,260,0.905788,0.0188302044,0.0203728192,0.0184036829,0.0019691363000000003
D,261,,0.0119281877,0.0141141508,0.0132069085,0.0009072422999999996
D,262,,0.0166802816,0.0179920401,0.0168993529,0.0010926871999999976
D,263,,0.0100713968,0.0110195186,0.00996393152,0.0010555870799999999
D,264,,0.00685697282,0.00724527845,0.00724527845,0.0
D,265,0.701404,0.0071984618,0.00761110801,0.00761110801,0.0
D,266,,0.0166082475,0.0175105594,0.0153730363,0.0021375231
D,267,,0.0127496524,0.0146059571,0.0142641012,0.00034185590000000016
D,268,,0.0599850193,0.0655345917,0.0285990648,0.0369355269
D,269,,0.00844418351,0.0100517552,0.00999167096,6.008423999999922e-05
D,270,0.439269,0.00777985016,0.00836611446,0.00822201557,0.00014409889000000127
D,271,,0.00862936117,0.00916690286,0.00911116228,5.574057999999972e-05
D,272,,0.0121356072,0.0138393939,0.0125028845,0.0013365093999999998
D,273,,0.0121855456,0.013123177,0.0130217355,0.00010144150000000046
D,274,,0.0114064757,0.0133280102,0.0130535718,0.00027443840000000025
D,275,0.727195,0.0193929356,0.0199992172,0.017879473,0.002119744199999999
D,276,,0.00877515599,0.00908704847,0.00903165806,5.5390409999999876e-05
D,277,,0.0121687856,0.0134628965,0.0130053665,0.0004575299999999994
D,278,,0.00996261928,0.010592401,0.00980302505,0.000789375949999999
D,279,,0.015514439,0.0160866771,0.0152899595,0.0007967175999999982
D,280,2.717291,0.0147589687,0.0184024535,0.0173455328,0.0010569206999999983
D,281,,0.00920062792,0.0102585396,0.0101875179,7.102169999999991e-05
D,282,,0.0130333873,0.0143681783,0.0135298669,0.0008383113999999997
D,283,,0.00897625647,0.00970459636,0.00949026551,0.00021433084999999963
D,284,,0.00978568662,0.0101387538,0.0100601921,7.856170000000023e-05
D,285,1.318907,0.013560636,0.0145526258,0.0143804457,0.00017218010000000054
D,286,,0.00966126937,0.0105432626,0.00942547061,0.0011177919900000003
D,287,,0.00742618507,0.00794717297,0.00792881753,1.835543999999939e-05
D,288,,0.00797183346,0.010190241,0.00993384141,0.0002563995899999994
D,289,,0.00912329648,0.0105544627,0.0104328124,0.00012165029999999973
D,290,0.596053,0.00705984607,0.0076148184,0.00733741885,0.00027739954999999976
D,291,,0.00655243453,0.00764035527,0.00763920089,1.1543799999999549e-06
D,292,,0.0240964629,0.0255894028,0.0187669881,0.006822414700000001
D,293,,0.0129646286,0.0137224272,0.0125412,0.0011812271999999992
D,294,,0.00757929822,0.00779957604,0.00779441278,5.1632599999996975e-06
D,295,2.978332,0.0164865367,0.0177746378,0.0156511329,0.0021235049
D,296,,0.0111805685,0.0121524688,0.0117501328,0.00040233599999999967
D,297,,0.0207473096,0.0227943268,0.0188891534,0.0039051733999999998
D,298,,0.0159123279,0.0166470408,0.0158518013,0.0007952394999999994
D,299,,0.0141485529,0.0149461133,0.014227679,0.0007184342999999992
D,300,1.648796,0.0153806852,0.0167457722,0.0155962463,0.0011495259000000018
D,301,0.694137,0.00946622994,0.00946622994,0.00924203452,0.00022419542
D,302,0.519957,0.0103410501,0.0103410501,0.00995746348,0.000383586620000001
D,303,1.018305,0.00764748594,0.00764748594,0.00761366636,3.3819579999999454e-05
D,304,1.196821,0.00846001506,0.00846001506,0.00846001506,0.0
D,305,0.28724,0.00734846573,0.00734846573,0.00734846573,0.0
D,306,0.613215,0.0101683568,0.0101683568,0.00952733681,0.00064101999
D,307,0.910243,0.0124317678,0.0124317678,0.0118835596,0.0005482082000000006
D,308,0.452392,0.00807870366,0.00807870366,0.00770389428,0.00037480938000000047
D,309,0.191581,0.00605830085,0.00605830085,0.00599108078,6.722007000000037e-05
D,310,0.320058,0.00831319857,0.00831319857,0.00831319857,0.0
D,311,0.759675,0.0129443351,0.0129443351,0.0125829475,0.00036138760000000054
D,312,0.650817,0.00871406775,0.00871406775,0.00864038058,7.368716999999955e-05
D,313,0.306857,0.0200503599,0.0200503599,0.0158712212,0.004179138699999998
D,314,0.631594,0.00525667053,0.00525667053,0.00496356469,0.0002931058400000002
D,315,0.32011,0.0227513872,0.0227513872,0.0211377703,0.0016136168999999999
D,316,0.508509,0.00778828841,0.00778828841,0.00772035867,6.792974000000007e-05
D,317,0.614948,0.00703728059,0.00703728059,0.00703728059,0.0
D,318,0.432868,0.00772672379,0.00772672379,0.00751140947,0.0002153143199999999
D,319,0.550601,0.00837781094,0.00837781094,0.0083223572,5.5453739999999224e-05
D,320,0.875352,0.00753188878,0.00753188878,0.00753188878,0.0
D,321,0.447115,0.0122378832,0.0122378832,0.0109695615,0.0012683217
D,322,0.222572,0.00474984571,0.00474984571,0.00474984571,0.0
D,323,0.19446,0.00651700189,0.00651700189,0.00651700189,0.0
D,324,0.261245,0.00615008082,0.00615008082,0.00613284251,1.7238309999999778e-05
D,325,0.232088,0.00485820416,0.00485820416,0.00485820416,0.0
D,326,1.096088,0.0127293514,0.0127293514,0.012344582,0.0003847694000000002
D,327,0.867245,0.00661772955,0.00661772955,0.00661772955,0.0
D,328,0.997142,0.0113247717,0.0113247717,0.0108974269,0.0004273447999999999
D,329,0.669807,0.0121694757,0.0121694757,0.0119618457,0.00020763000000000031
D,330,0.340846,0.00815224089,0.00815224089,0.0078642685,0.00028797239000000023
D,331,0.284173,0.00701336423,0.00701336423,0.00672618439,0.00028717984000000037
D,332,0.152712,0.00452220533,0.00452220533,0.00452220533,0.0
D,333,0.293497,0.00466644811,0.00466644811,0.00466644811,0.0
D,334,0.269658,0.00555745885,0.00555745885,0.00555745885,0.0
D,335,0.323861,0.00649743062,0.00649743062,0.00649743062,0.0
D,336,0.275047,0.00847516116,0.00847516116,0.00800220203,0.00047295912999999884
D,337,0.163142,0.00410785573,0.00410785573,0.00410785573,0.0
D,338,0.363331,0.00440310175,0.00440310175,0.00440310175,0.0
D,339,0.455622,0.00796933752,0.00796933752,0.00766780972,0.0003015277999999996
D,340,0.349413,0.00519388029,0.00519388029,0.00519388029,0.0
D,341,0.166359,0.00372663653,0.00372663653,0.00372663653,0.0
D,342,0.188624,0.00438349415,0.00438349415,0.00433569495,4.779920000000035e-05
D,343,0.256641,0.00718223536,0.00718223536,0.00691896537,0.0002632699899999995
D,344,0.297682,0.00523218233,0.00523218233,0.00523218233,0.0
D,345,0.166363,0.00451107975,0.00451107975,0.00451107975,0.0
D,346,0.16375,0.00428508315,0.00428508315,0.00428508315,0.0
D,347,0.147557,0.00516013661,0.00516013661,0.00516013661,0.0
D,348,0.185529,0.00340085546,0.00340085546,0.00340085546,0.0
D,349,0.264747,0.00438792538,0.00438792538,0.00438792538,0.0
D,350,0.174062,0.00429832796,0.00429832796,0.00429832796,0.0
D,351,0.196733,0.00317169284,0.00317169284,0.00317169284,0.0
D,352,0.17471,0.00383170624,0.00383170624,0.00383170624,0.0
D,353,0.156865,0.003669339,0.003669339,0.003669339,0.0
D,354,0.158821,0.00448847283,0.00448847283,0.00448847283,0.0
D,355,0.145648,0.00398758333,0.00398758333,0.00398758333,0.0
D,356,0.19127,0.00404430786,0.00404430786,0.00404430786,0.0
D,357,0.143313,0.00494088465,0.00494088465,0.00494088465,0.0
D,358,0.155493,0.00477504823,0.00477504823,0.00477504823,0.0
D,359,0.148454,0.00400324957,0.00400324957,0.00400324957,0.0
D,360,0.14483,0.00431066612,0.00431066612,0.00431066612,0.0
